{
  "topics": [
    {
      "id": "eb46188fc111",
      "title": "Will my sewer freeze tonight?",
      "url": "https://www.reddit.com/r/HomeImprovement/comments/1ql9xkk/will_my_sewer_freeze_tonight/",
      "summary": "<!-- SC_OFF --><div class=\"md\"><p>It&#39;s -15⁰f with wind-chill outside right now where I am. </p> <p>Is there any risk that my sewer line could freeze or fail?</p> <p>A few feet of it are dug up and exposed 6-7ft down. </p> </div><!-- SC_ON --> &#32; submitted by &#32; <a href=\"https://www.reddit.com/user/Beneficial_Prize_310\"> /u/Beneficial_Prize_310 </a> <br/> <span><a href=\"https://www.reddit.com/r/HomeImprovement/comments/1ql9xkk/will_my_sewer_freeze_tonight/\">[link]</a></span> &#32; <span",
      "source": "https://www.reddit.com/r/HomeImprovement/.rss",
      "published_at": "2026-01-24T01:53:36+00:00",
      "created_at": "2026-01-24T02:00:25.341453",
      "used": false,
      "score": 89
    },
    {
      "id": "fcd562c90194",
      "title": "After living with both… Whole house humidifier vs portable isn’t as clear as Reddit says",
      "url": "https://www.reddit.com/r/HomeImprovement/comments/1qkofa6/after_living_with_both_whole_house_humidifier_vs/",
      "summary": "<!-- SC_OFF --><div class=\"md\"><p>I went all in instead of starting small. classic mistake.</p> <p>Dry winters pushed me into the Whole house humidifier vs portable debate and i chose “do it right.” Whole house setup, done.</p> <p>Now i’m dealing with maintenance, uneven humidity, and learning way too much about condensation.</p> <p>Meanwhile friends just move a portable unit room to room and seem… fine?</p> <p>Not saying one’s better, just saying the real life answer feels way messier than the ",
      "source": "https://www.reddit.com/r/HomeImprovement/.rss",
      "published_at": "2026-01-23T11:32:15+00:00",
      "created_at": "2026-01-24T02:00:25.340945",
      "used": false,
      "score": 88
    },
    {
      "id": "e40259632160",
      "title": "Basement XPS thickness in NY",
      "url": "https://www.reddit.com/r/HomeImprovement/comments/1ql4ehy/basement_xps_thickness_in_ny/",
      "summary": "<!-- SC_OFF --><div class=\"md\"><p>Upstate NY.</p> <p>I&#39;m going crazy trying to figure this out. I have solved a drainage issue where water would creep into a small area of the basement after a heavy rain with snow on the ground. What I can&#39;t figure out, is what is the minimum thickness of foam board to glue to the walls to act as a vapor barrier? I&#39;m going to frame the wall and add insulation between the studs.</p> <p>I keep finding recommendations and opinions. I come across minimum",
      "source": "https://www.reddit.com/r/HomeImprovement/.rss",
      "published_at": "2026-01-23T22:01:45+00:00",
      "created_at": "2026-01-24T02:00:25.340945",
      "used": false,
      "score": 88
    },
    {
      "id": "671ba41daaff",
      "title": "Selling home: what repairs should I do in good conscience?",
      "url": "https://www.reddit.com/r/HomeImprovement/comments/1ql6gzt/selling_home_what_repairs_should_i_do_in_good/",
      "summary": "<!-- SC_OFF --><div class=\"md\"><p>My home has some mold issues and I&#39;m considering selling. Several experts from various companies came out and said that certain things can be done to sell to a family in ethically. But thats coming close to $10k plus non-mold related repairs. I keep reading on here that ROI isnt all that it&#39;s cracked up to be. So, I am worried about putting close to $20k in repairs and not making most of that back. </p> <p>Part of me just wants to sell as is to an invest",
      "source": "https://www.reddit.com/r/HomeImprovement/.rss",
      "published_at": "2026-01-23T23:25:02+00:00",
      "created_at": "2026-01-24T02:00:25.340945",
      "used": false,
      "score": 88
    },
    {
      "id": "3472ed0c71fe",
      "title": "Gas tankless and power loss",
      "url": "https://www.reddit.com/r/HomeImprovement/comments/1qkodde/gas_tankless_and_power_loss/",
      "summary": "<!-- SC_OFF --><div class=\"md\"><p>I replaced a 50g gas hot water tank last year with a tankless gas system. One of the trade-offs is that I no longer have hot water during a power outage.</p> <p>I&#39;m in the path of the ice-aggedon and am concerned about extended power loss. If I let the faucets and tubs drip hot water, will that keep the flame burning and keep the hot water flowing? Is the system designed to handle something like that with a low flow?</p> </div><!-- SC_ON --> &#32; submitted ",
      "source": "https://www.reddit.com/r/HomeImprovement/.rss",
      "published_at": "2026-01-23T11:29:18+00:00",
      "created_at": "2026-01-24T02:00:25.341453",
      "used": false,
      "score": 87
    },
    {
      "id": "20e4f9c7da94",
      "title": "How does metal roofing hold up in Texas heat and storms?",
      "url": "https://www.reddit.com/r/HomeImprovement/comments/1qkw4ic/how_does_metal_roofing_hold_up_in_texas_heat_and/",
      "summary": "<!-- SC_OFF --><div class=\"md\"><p>quick question about metal roofs in Texas.<br/> I’ve been thinking about switching to metal because my roof is getting old, but I keep hearing mixed stuff.</p> <p>On one hand, people say metal handles heat and storms way better. On the other hand, I’ve heard it can be loud, expensive, or not worth the hype.</p> <p>So I’m curious for those of you in Texas with a metal roof:<br/> How’s it holding up in the heat and storms?<br/> Any surprises? Regrets? Big wins?</p",
      "source": "https://www.reddit.com/r/HomeImprovement/.rss",
      "published_at": "2026-01-23T16:54:06+00:00",
      "created_at": "2026-01-24T02:00:25.340945",
      "used": false,
      "score": 86
    },
    {
      "id": "3018a39bc776",
      "title": "My sunroom is unusable in winter and I'm trying to figure out the best heating option",
      "url": "https://www.reddit.com/r/HomeImprovement/comments/1qkp0he/my_sunroom_is_unusable_in_winter_and_im_trying_to/",
      "summary": "<!-- SC_OFF --><div class=\"md\"><p>I have this great sunroom that I absolutely love in spring and fall, but once winter hits it becomes completely useless because it&#39;s freezing. It&#39;s basically an enclosed porch that the previous owners converted, and there&#39;s no heating system connected to it at all. Right now it just sits empty for like four months of the year which feels like such a waste of space. </p> <p>I want to add some kind of heating so I can actually use it year round, but I&",
      "source": "https://www.reddit.com/r/HomeImprovement/.rss",
      "published_at": "2026-01-23T12:04:00+00:00",
      "created_at": "2026-01-24T02:00:25.340945",
      "used": false,
      "score": 85
    },
    {
      "id": "0d6b3006b7bb",
      "title": "Mysterious draft: could it be the formstone facade?",
      "url": "https://www.reddit.com/r/HomeImprovement/comments/1ql9e3m/mysterious_draft_could_it_be_the_formstone_facade/",
      "summary": "<!-- SC_OFF --><div class=\"md\"><p>My neighbor wants to sell his house every winter because of a mysterious and apparently unfixable draft. Various companies have tried to identify the cause without success. The draft is on the first floor, not in the basement or the second floor. The house is a 1920s Dutch Colonial (probably Sears Roebuck) with Formstone cladding at the foundation. Also, the previous owner sealed up a sleeping porch. Questions: 1) candles, smoke machines have failed to identify ",
      "source": "https://www.reddit.com/r/HomeImprovement/.rss",
      "published_at": "2026-01-24T01:29:04+00:00",
      "created_at": "2026-01-24T02:00:25.341453",
      "used": false,
      "score": 81
    },
    {
      "id": "4da67836e6ba",
      "title": "I am thinking to install two or three seater wooden swing in my big living room!",
      "url": "https://www.reddit.com/r/HomeImprovement/comments/1ql9ogd/i_am_thinking_to_install_two_or_three_seater/",
      "summary": "<!-- SC_OFF --><div class=\"md\"><p>Hanging from the 10ft high ceiling. Question is if three people sit on it, let’s say total 500 lbs or more, I just don’t want my ceiling to come crashing, can I install the both end 🪝 of swing in studs and studs will be able to hold wait? It is two story house.</p> </div><!-- SC_ON --> &#32; submitted by &#32; <a href=\"https://www.reddit.com/user/Tight_Trash_4402\"> /u/Tight_Trash_4402 </a> <br/> <span><a href=\"https://www.reddit.com/r/HomeImprovement/comments/1q",
      "source": "https://www.reddit.com/r/HomeImprovement/.rss",
      "published_at": "2026-01-24T01:42:03+00:00",
      "created_at": "2026-01-24T02:00:25.341453",
      "used": false,
      "score": 80
    },
    {
      "id": "5312b78a8593",
      "title": "Can I plug two outdoor extension cords together?",
      "url": "https://www.reddit.com/r/HomeImprovement/comments/1ql7dqp/can_i_plug_two_outdoor_extension_cords_together/",
      "summary": "<!-- SC_OFF --><div class=\"md\"><p>It’s going to be 0-15 degrees where I live until Monday, this our first year in a house with a well &amp; well house. The previous owners have a heat lamp in the well house already, it just needed plugged in. Everywhere within a 50 mile radius was sold out of long extension cords. I bought a 50ft &amp; 100ft and plugged them together and used them to plug in the heat lamp. Is this a horrible idea? I’m using a 100ft VANGUARD 100 ft. × 16/3 Gauge light duty</p> <p",
      "source": "https://www.reddit.com/r/HomeImprovement/.rss",
      "published_at": "2026-01-24T00:02:36+00:00",
      "created_at": "2026-01-24T02:00:25.340945",
      "used": false,
      "score": 78
    },
    {
      "id": "0b89856e3fb9",
      "title": "Tiny holes in caulk line, can they be patched?",
      "url": "https://www.reddit.com/r/HomeImprovement/comments/1ql51sm/tiny_holes_in_caulk_line_can_they_be_patched/",
      "summary": "<!-- SC_OFF --><div class=\"md\"><p>Hi all, I recently took out and replaced the caulk around my shower. On using it 2 days later, I noticed tiny holes (1-2 millimeters) in 2 spots.</p> <p>I&#39;m worried that over time water will leak through and go under the tub. Can I just plug them with the leftover caulk? Thanks! </p> </div><!-- SC_ON --> &#32; submitted by &#32; <a href=\"https://www.reddit.com/user/Squames99\"> /u/Squames99 </a> <br/> <span><a href=\"https://www.reddit.com/r/HomeImprovement/co",
      "source": "https://www.reddit.com/r/HomeImprovement/.rss",
      "published_at": "2026-01-23T22:27:47+00:00",
      "created_at": "2026-01-24T02:00:25.341453",
      "used": false,
      "score": 76
    },
    {
      "id": "01c89414c181",
      "title": "Have contractors always been this bad? How can I avoid this in the future?",
      "url": "https://www.reddit.com/r/HomeImprovement/comments/1ql4k6g/have_contractors_always_been_this_bad_how_can_i/",
      "summary": "<!-- SC_OFF --><div class=\"md\"><p>In short, we just bought our first house last year. So far I’ve had an extremely unfortunate streak of contractors doing subpar job. I’m not even choosing the cheapest quotes trying to avoid this.</p> <p>Gutters replaced. They leak in multiple spots and they forgot to attach a couple downspouts. Came and fixed parts of the leak but not all. Did not finish the downspouts. Have since ghosted us.</p> <p>Had a fireplace insert installed. We have smoke coming into th",
      "source": "https://www.reddit.com/r/HomeImprovement/.rss",
      "published_at": "2026-01-23T22:07:54+00:00",
      "created_at": "2026-01-24T02:00:25.340945",
      "used": false,
      "score": 74
    },
    {
      "id": "b2ebadce3f16",
      "title": "Help! Water pipes in my mobile home froze!",
      "url": "https://www.reddit.com/r/HomeImprovement/comments/1qkyhkt/help_water_pipes_in_my_mobile_home_froze/",
      "summary": "<!-- SC_OFF --><div class=\"md\"><p>Hey all, this morning we woke up and had no hot or cold water in our manufactured home. We are being affected by the winter storms in the midwest US where the HIGH temps are in the single digits. </p> <p>The inside of the house was over 65 from the furnace, we had space heaters running in several rooms for additional warmth (bedroom w/ ensuite with doors open, kitchen/dining/living room), and we had new heat tape installed a couple months ago. I got under the ho",
      "source": "https://www.reddit.com/r/HomeImprovement/.rss",
      "published_at": "2026-01-23T18:19:22+00:00",
      "created_at": "2026-01-24T02:00:25.340945",
      "used": false,
      "score": 72
    },
    {
      "id": "e46e541d374e",
      "title": "Painting an asbestos patch- need advice",
      "url": "https://www.reddit.com/r/HomeImprovement/comments/1ql9f4o/painting_an_asbestos_patch_need_advice/",
      "summary": "<!-- SC_OFF --><div class=\"md\"><p>Hey team, need some advice on how to repaint a patch of wall, the paint has peeled off but the boards behind are asbestos. It hasn’t gone right back to the asbestos but the paper backing is exposed so I don’t think I’d be able to sand anything. Suggestions?</p> <p>I live in QLD, Australia</p> <p>Photos:</p> <p><a href=\"https://imgur.com/a/YuDaImM\">https://imgur.com/a/YuDaImM</a></p> </div><!-- SC_ON --> &#32; submitted by &#32; <a href=\"https://www.reddit.com/us",
      "source": "https://www.reddit.com/r/HomeImprovement/.rss",
      "published_at": "2026-01-24T01:30:20+00:00",
      "created_at": "2026-01-24T02:00:25.341453",
      "used": false,
      "score": 69
    },
    {
      "id": "b6cc16c6f587",
      "title": "Shower is leaking from tiles on walls. What is an affordable alternative to redoing the bathroom?",
      "url": "https://www.reddit.com/r/HomeImprovement/comments/1qko49k/shower_is_leaking_from_tiles_on_walls_what_is_an/",
      "summary": "<!-- SC_OFF --><div class=\"md\"><p>My shower is leaking water down to the basement. We determined it&#39;s not a plumbing issue. We think the tile or grout failed. The tile guy want to re-do it all. Super time consuming. Super expensive. This is not my forever home. To be honest, I am fine with the way the bathroom looks. Is there a cheap alternative? I want to fix the leak but not re-do my bathroom. Any suggestions would be appreciated!</p> </div><!-- SC_ON --> &#32; submitted by &#32; <a href=\"",
      "source": "https://www.reddit.com/r/HomeImprovement/.rss",
      "published_at": "2026-01-23T11:14:58+00:00",
      "created_at": "2026-01-24T02:00:25.340945",
      "used": false,
      "score": 67
    },
    {
      "id": "c63083af5d94",
      "title": "Best way to frame this garage window?",
      "url": "https://www.reddit.com/r/HomeImprovement/comments/1ql5mwn/best_way_to_frame_this_garage_window/",
      "summary": "<!-- SC_OFF --><div class=\"md\"><p>Hey folks, for some context, working on repainting my garage in my recently purchased home. Previous owners did a shit job in either building it or converting into an ADU then deconverting it but either way, garage needs a lot of work in general (insulation, redone roof, garage door seal, etc). Don’t have the money to redo all of that at this time so at the moment I want to at least repaint and patch any holes in the walls.</p> <p>I’ve noticed the patchwork on <",
      "source": "https://www.reddit.com/r/HomeImprovement/.rss",
      "published_at": "2026-01-23T22:50:59+00:00",
      "created_at": "2026-01-24T02:00:25.340945",
      "used": false,
      "score": 67
    },
    {
      "id": "fcaf9ffc9cea",
      "title": "Stripping paint off stamped concrete",
      "url": "https://www.reddit.com/r/HomeImprovement/comments/1ql8cfc/stripping_paint_off_stamped_concrete/",
      "summary": "<!-- SC_OFF --><div class=\"md\"><p>Looking for some advice on how to strip paint off a stamped concrete driveway. I have 3 layers of paint (white, green, tan) that I’m looking to remove from the previous owner - it chips constantly so would rather bring it down to the concrete and stain. </p> <p>I’ve tried power washing which only strips the top layer. Recently bought RAD Paint strip which requires a lot of scrubbing to remove the paint. Both options are low cost but not efficient. I had a quote ",
      "source": "https://www.reddit.com/r/HomeImprovement/.rss",
      "published_at": "2026-01-24T00:43:05+00:00",
      "created_at": "2026-01-24T02:00:25.340945",
      "used": false,
      "score": 66
    },
    {
      "id": "b6417aef4131",
      "title": "Electrical panel in half bathroom",
      "url": "https://www.reddit.com/r/HomeImprovement/comments/1ql6b5x/electrical_panel_in_half_bathroom/",
      "summary": "<!-- SC_OFF --><div class=\"md\"><p>I’m in the process of purchasing a new home and on inspection we found that the electric panel was in the half bath in the finished basement behind like a little wooden door that was made over top of the toilet. The inspector said this is not up to code to have a electric panel in the bathroom. What are my options here I’m asking for sellers credits, but will I have to move the panel and how much will that cost? I know it depends on where I’m moving it too, but ",
      "source": "https://www.reddit.com/r/HomeImprovement/.rss",
      "published_at": "2026-01-23T23:18:15+00:00",
      "created_at": "2026-01-24T02:00:25.340945",
      "used": false,
      "score": 63
    },
    {
      "id": "cd296d8d120c",
      "title": "What Brand for a Wall Exhaust Fan",
      "url": "https://www.reddit.com/r/HomeImprovement/comments/1ql4lzn/what_brand_for_a_wall_exhaust_fan/",
      "summary": "<!-- SC_OFF --><div class=\"md\"><p>Hello everyone,</p> <p>I recently got a quote to have 36 feet of chainlink and an exhaust fan installed for $1300. The price was way too good to be true, the company is highly rated though and fully insured and from everything online I can’t find any issues. Just seems like I received a great quote. The only issue is I don’t know anything about exhaust fans. Any help with that would be appreciated. They will not go through the roof is there one catch. Which I ho",
      "source": "https://www.reddit.com/r/HomeImprovement/.rss",
      "published_at": "2026-01-23T22:09:58+00:00",
      "created_at": "2026-01-24T02:00:25.341453",
      "used": false,
      "score": 63
    },
    {
      "id": "3c0c1991fafd",
      "title": "Omni v. Gemstone v. Luminary Pro",
      "url": "https://www.reddit.com/r/HomeImprovement/comments/1ql9er1/omni_v_gemstone_v_luminary_pro/",
      "summary": "<!-- SC_OFF --><div class=\"md\"><p>Hey Fam,</p> <p>Currently in the market for LED lighting around my home. Only going to.light up about 280 linear ft but need help with all these options... </p> <p>Just had an Omni installer come by, he said about 30 bucks a ft.</p> <p>Having Gemstone coming by next week, they said they are 33 a ft.</p> <p>Lumanary Pro quoted me 32 a ft</p> <p>Jellyfish was about 35 a ft.</p> <p>guess my question is, which brand and why? they are all similar in price, just dont ",
      "source": "https://www.reddit.com/r/HomeImprovement/.rss",
      "published_at": "2026-01-24T01:29:52+00:00",
      "created_at": "2026-01-24T02:00:25.341453",
      "used": false,
      "score": 62
    }
  ],
  "used": [],
  "last_scraped": "2026-01-24T02:00:25.873293",
  "auto_sources": [
    "https://www.reddit.com/r/HomeImprovement/.rss",
    "https://news.google.com/rss/search?q=DIY+home+decor+budget&hl=en-US&gl=US&ceid=US:en"
  ]
}