{
  "topics": [
    {
      "id": "5d50e9977179",
      "title": "People who use a collar, (how) do you prevent the leash getting tangled under their paws?",
      "url": "https://www.reddit.com/r/dogs/comments/1ql8l80/people_who_use_a_collar_how_do_you_prevent_the/",
      "summary": "<!-- SC_OFF --><div class=\"md\"><p>I have a 7 month old pup who is absolutely terrified of harnesses. We&#39;ve tried multiple sizes, models, etc and trained for a long time but nothing worked well. Now I&#39;ve been using a collar for a week and it&#39;s already working way better for her. However, the collar can obviously move around and the weight of the clip from the leash pulls the leash down, and then she keeps stepping over the leash. I have to untangle her like 5-6 times every walk. Anyth",
      "source": "https://www.reddit.com/r/dogs/.rss",
      "published_at": "2026-01-24T00:53:25+00:00",
      "created_at": "2026-01-24T02:00:43.433618",
      "used": false,
      "score": 89
    },
    {
      "id": "bc6f7205dc79",
      "title": "Suggestions for super chewer",
      "url": "https://www.reddit.com/r/dogs/comments/1ql4q0w/suggestions_for_super_chewer/",
      "summary": "<!-- SC_OFF --><div class=\"md\"><p>We just adopted a 1 year old puppy almost two weeks ago &amp; she is definitely a super chewer. She doesn&#39;t try to eat anything, but wants to chew and destroy everything- furniture, blankets, toys, pillows. I fill her kong with peanutbutter &amp; freeze it, but that only keeps her busy for about 10 minutes. She does love the woof pupsicle, but those get a bit pricey. We just subscribed to the superchewer bark box in hopes that it will help. What toys/ mental",
      "source": "https://www.reddit.com/r/dogs/.rss",
      "published_at": "2026-01-23T22:14:32+00:00",
      "created_at": "2026-01-24T02:00:43.433618",
      "used": false,
      "score": 88
    },
    {
      "id": "ad9bed472021",
      "title": "Dog doesn't love me anymore",
      "url": "https://www.reddit.com/r/dogs/comments/1ql8w9p/dog_doesnt_love_me_anymore/",
      "summary": "<!-- SC_OFF --><div class=\"md\"><p>He&#39;s 2.5 years old. I used to come home and he&#39;d come to greet me and be excited I was there. Now he literally doesn&#39;t get up, just looks at me for a second and then just ignores me.</p> <p>My partner on the other hand, he&#39;s stoked. Runs over and jumps up on her, tale wagging and excited.</p> <p>I don&#39;t know what changed but it&#39;s a bummer. I take him to the park or for walks every day and feed him his dinner, show him lots of affection an",
      "source": "https://www.reddit.com/r/dogs/.rss",
      "published_at": "2026-01-24T01:06:50+00:00",
      "created_at": "2026-01-24T02:00:43.433618",
      "used": false,
      "score": 87
    },
    {
      "id": "09974434a9c8",
      "title": "Megathread: Aging, Illness, and Euthanasia Support Group",
      "url": "https://www.reddit.com/r/dogs/comments/1o6hvlh/megathread_aging_illness_and_euthanasia_support/",
      "summary": "<!-- SC_OFF --><div class=\"md\"><p>This thread is where to get emotional support with all things related to death and illness with your dog. This is also a thread where you can seek assistance with deciding whether it is indeed time.</p> <p>This is not a thread to seek anecdotes with medical care. All rules involving medical questions and anecdotes remains the same for this thread.</p> <p>If your dog has passed, you can still post here for emotional support or you can create your own thread tagge",
      "source": "https://www.reddit.com/r/dogs/.rss",
      "published_at": "2025-10-14T15:00:41+00:00",
      "created_at": "2026-01-24T02:00:43.433618",
      "used": false,
      "score": 86
    },
    {
      "id": "681a3824a332",
      "title": "Why did the dog do this?",
      "url": "https://www.reddit.com/r/dogs/comments/1qkg3zp/why_did_the_dog_do_this/",
      "summary": "<!-- SC_OFF --><div class=\"md\"><p>Hi all, I was invited to a dinner party tonight for our church social, I was pretty nervous as new to the church and didn&#39;t know the other 9 people. Nonetheless we gelled. </p> <p>I personally have never owned a dog, loveee them and want to get on on the future. The hosts had a 12 year old golden lab, beautiful, very chill and quiet. I didn&#39;t notice him until he came over to me during dinner, leaned up to say hello and then sat his face on my lap and wou",
      "source": "https://www.reddit.com/r/dogs/.rss",
      "published_at": "2026-01-23T03:42:33+00:00",
      "created_at": "2026-01-24T02:00:43.433618",
      "used": false,
      "score": 84
    },
    {
      "id": "f06a0bf8333f",
      "title": "Prepare for snow and \"potty business\". Lay down a tarp/cardboard in your lawn to preserve a clean and dry space to take your dog out. Secure it, but make it easy to remove and place back down again. This works especially great for the tiny breeds, older dogs, etc.",
      "url": "https://www.reddit.com/r/dogs/comments/1qkxg98/prepare_for_snow_and_potty_business_lay_down_a/",
      "summary": "<!-- SC_OFF --><div class=\"md\"><p>Hope this helps. </p> </div><!-- SC_ON --> &#32; submitted by &#32; <a href=\"https://www.reddit.com/user/LilyRose272\"> /u/LilyRose272 </a> <br/> <span><a href=\"https://www.reddit.com/r/dogs/comments/1qkxg98/prepare_for_snow_and_potty_business_lay_down_a/\">[link]</a></span> &#32; <span><a href=\"https://www.reddit.com/r/dogs/comments/1qkxg98/prepare_for_snow_and_potty_business_lay_down_a/\">[comments]</a></span>",
      "source": "https://www.reddit.com/r/dogs/.rss",
      "published_at": "2026-01-23T17:42:12+00:00",
      "created_at": "2026-01-24T02:00:43.433618",
      "used": false,
      "score": 84
    },
    {
      "id": "eb2a22689517",
      "title": "Can Dogs Tell When Their Owner Isn’t Feeling Well?",
      "url": "https://www.reddit.com/r/dogs/comments/1qkx1xp/can_dogs_tell_when_their_owner_isnt_feeling_well/",
      "summary": "<!-- SC_OFF --><div class=\"md\"><p>I’ve been under the weather since yesterday. Ever since then one of my German Shepherds has been acting a bit more “German Shepherd” than usual. </p> <p>For example, when I get out of the bed to use the bathroom he will bark at me until get back in the bed. Or if I need to get something to drink, he’ll do the same thing. It seems like he’s adamant to keep me in the bed until I feel better. I work from home so I’ve been working from the bed. </p> <p>Also, almost ",
      "source": "https://www.reddit.com/r/dogs/.rss",
      "published_at": "2026-01-23T17:27:41+00:00",
      "created_at": "2026-01-24T02:00:43.433618",
      "used": false,
      "score": 80
    },
    {
      "id": "aa11b18564bd",
      "title": "Chew-safe puzzles?",
      "url": "https://www.reddit.com/r/dogs/comments/1qky46x/chewsafe_puzzles/",
      "summary": "<!-- SC_OFF --><div class=\"md\"><p>I have a 2 year old 15lb male Shih Tzu/yorkie/whatever mix who is very, very smart and needs a lot of mental stimulation. He loves solving puzzles but unfortunately he chews any of the plastic ones I try and give him.</p> <p>So far I&#39;ve used soft toys that allow hidden treats and rolled up/tied towels, and the occasional kong toy, but I&#39;m curious if there&#39;s any other things I can do, since I don&#39;t want him getting bored of cycling through them.</",
      "source": "https://www.reddit.com/r/dogs/.rss",
      "published_at": "2026-01-23T18:06:06+00:00",
      "created_at": "2026-01-24T02:00:43.433618",
      "used": false,
      "score": 78
    },
    {
      "id": "025a34e10907",
      "title": "Dog moving a lot during the night. Is it normal?",
      "url": "https://www.reddit.com/r/dogs/comments/1ql4yps/dog_moving_a_lot_during_the_night_is_it_normal/",
      "summary": "<!-- SC_OFF --><div class=\"md\"><p>I&#39;ve just given my 6 month old puppy night time access to the sitting room, which is where his crate is, but the crate door is now permanently open. </p> <p>I got a Furbo and can see he moves around a fair bit. His crate is by the back door with a fan blowing as he&#39;s a big fluffy dog and gets warm.</p> <p>He moves from his crate to his other bed (that has a cool mat on it) then to the floor then to the sofa, and does this throughout the night (no particu",
      "source": "https://www.reddit.com/r/dogs/.rss",
      "published_at": "2026-01-23T22:24:19+00:00",
      "created_at": "2026-01-24T02:00:43.433618",
      "used": false,
      "score": 78
    },
    {
      "id": "09ffcd6f6159",
      "title": "Have you ever had a dog hate you for no reason?",
      "url": "https://www.reddit.com/r/dogs/comments/1qkvw2d/have_you_ever_had_a_dog_hate_you_for_no_reason/",
      "summary": "<!-- SC_OFF --><div class=\"md\"><p>The weirdest thing happened with my neighbours dog when I was a teenager.</p> <p>We looked after it once. I was the one who played with it, gave it treats and affection. I have always loved dogs, I was super bonded to mine and my neighbours other dog really liked me.</p> <p>After this visit, the dog hated me. It was genuinely terrified. It would get excited when our car pulled in the driveway then would bolt when it saw it was me. I was literally the only person",
      "source": "https://www.reddit.com/r/dogs/.rss",
      "published_at": "2026-01-23T16:45:28+00:00",
      "created_at": "2026-01-24T02:00:43.433618",
      "used": false,
      "score": 77
    },
    {
      "id": "aa34b7d3b988",
      "title": "My dog keeps scratching and nibbling on himself",
      "url": "https://www.reddit.com/r/dogs/comments/1ql28m6/my_dog_keeps_scratching_and_nibbling_on_himself/",
      "summary": "<!-- SC_OFF --><div class=\"md\"><p>I have a 5 year old dog, for a while now, he&#39;s also been nibbling on himself near his paw and keeps scratching himself by his and around his body. I know, he&#39;s a dog and they do that, but he does it super often, and since his last bath, he&#39;s been doing it a lot more. I don&#39;t want him to accidentally hurt himself or anything, I&#39;m worried since from scratching his ear he got a hematoma. </p> <p>Any idea on what could be causing this and any pos",
      "source": "https://www.reddit.com/r/dogs/.rss",
      "published_at": "2026-01-23T20:37:51+00:00",
      "created_at": "2026-01-24T02:00:43.433618",
      "used": false,
      "score": 77
    },
    {
      "id": "598ec4907040",
      "title": "My dog scares me",
      "url": "https://www.reddit.com/r/dogs/comments/1qkx1bi/my_dog_scares_me/",
      "summary": "<!-- SC_OFF --><div class=\"md\"><p>I have a 2-year-old German Shepherd, and instead of greeting me happily when I come home, he hides and then jumps out to scare me. Or at night, he barks, and when I get up to check on him, he runs towards me in the dark to frighten me.</p> <p>I don&#39;t know why he does it; every time he manages to scare me, he starts spinning around and wagging his tail like crazy. I guess he enjoys it.</p> <p>Maybe it&#39;s all those horror movies we watch on the couch.</p> <",
      "source": "https://www.reddit.com/r/dogs/.rss",
      "published_at": "2026-01-23T17:27:02+00:00",
      "created_at": "2026-01-24T02:00:43.433618",
      "used": false,
      "score": 76
    },
    {
      "id": "ac31ca486fa9",
      "title": "What am I supposed to do?? I feel bad for my dog :( Keep in mind this doesn’t account for wind chill…",
      "url": "https://www.reddit.com/r/dogs/comments/1ql3ssc/what_am_i_supposed_to_do_i_feel_bad_for_my_dog/",
      "summary": "<!-- SC_OFF --><div class=\"md\"><p>Okay, I need some inspiration. I work 9-5 and I usually take my dog on a 45 min walk before and after work. Sometimes we go to the park on the weekends. Obviously, walking for more than 5 minutes is not an option lately (wind chills are down to -30 F and he’s only 20 lbs). I feel bad leaving him all day when I’m at work, and need some inspiration for mental stimulation for him. I do walk him in my heated garage under the apartment I live at, but that only goes s",
      "source": "https://www.reddit.com/r/dogs/.rss",
      "published_at": "2026-01-23T21:38:06+00:00",
      "created_at": "2026-01-24T02:00:43.433618",
      "used": false,
      "score": 71
    },
    {
      "id": "7f3ff9cdf5d2",
      "title": "Which is the best pet microchip database?",
      "url": "https://www.reddit.com/r/dogs/comments/1qkymcb/which_is_the_best_pet_microchip_database/",
      "summary": "<!-- SC_OFF --><div class=\"md\"><p>My dog is microchipped but not registered, so I’m trying to get that sorted now.</p> <p>I was recommended to use FreePetChipRegistry since it’s free to register, but I have some concerns if they are legitimate. They advertise 24/7/365 support, so I tried calling to ask a question and the number just goes straight to voicemail with a recording telling me to email them instead. That doesn’t seem reliable if my dog ever went missing. </p> <p>Cost isn’t really the i",
      "source": "https://www.reddit.com/r/dogs/.rss",
      "published_at": "2026-01-23T18:24:06+00:00",
      "created_at": "2026-01-24T02:00:43.433618",
      "used": false,
      "score": 71
    },
    {
      "id": "eae79e8a6a44",
      "title": "Dealing with fear of what could go wrong?",
      "url": "https://www.reddit.com/r/dogs/comments/1qkrxu6/dealing_with_fear_of_what_could_go_wrong/",
      "summary": "<!-- SC_OFF --><div class=\"md\"><p>I adopted my first dog two weeks ago and to say he’s been a great dog is really an understatement. He’s extremely well mannered and while he needs some reinforcement on good skills it’s evident he was pretty well trained before ending up in a shelter. For context he’s a large dog but I fell in love with him when I met him. Now that I have him and am getting him adjusted to my life there’s always the nagging feeling in my mind of what and when is something going ",
      "source": "https://www.reddit.com/r/dogs/.rss",
      "published_at": "2026-01-23T14:15:49+00:00",
      "created_at": "2026-01-24T02:00:43.433618",
      "used": false,
      "score": 71
    },
    {
      "id": "a424cfd2fe10",
      "title": "Megathread: Why Does My Dog Do That?",
      "url": "https://www.reddit.com/r/dogs/comments/1qkwb8p/megathread_why_does_my_dog_do_that/",
      "summary": "<!-- SC_OFF --><div class=\"md\"><p>Does your dog turn his head when he hears an odd noise? Does your dog bury their food with your pants? This is the thread to ask why.</p> <p>Please keep this thread to non-medical issues only.</p> </div><!-- SC_ON --> &#32; submitted by &#32; <a href=\"https://www.reddit.com/user/AutoModerator\"> /u/AutoModerator </a> <br/> <span><a href=\"https://www.reddit.com/r/dogs/comments/1qkwb8p/megathread_why_does_my_dog_do_that/\">[link]</a></span> &#32; <span><a href=\"http",
      "source": "https://www.reddit.com/r/dogs/.rss",
      "published_at": "2026-01-23T17:01:00+00:00",
      "created_at": "2026-01-24T02:00:43.433618",
      "used": false,
      "score": 66
    },
    {
      "id": "cad7d5d8236c",
      "title": "Dog is scared of the couch??? Help!",
      "url": "https://www.reddit.com/r/dogs/comments/1ql8mko/dog_is_scared_of_the_couch_help/",
      "summary": "<!-- SC_OFF --><div class=\"md\"><p>My Maltese yorkie mix for the last year or so has refused to sit on the couch. She used to love sitting with her humans on the couch but for some reason she just stopped. I genuinely have no clue why, she’s 5 years old and perfectly healthy (albeit like a pound overweight and has some dental issues) so it’s not like she can’t. If we put her on the couch she instantly jumps down. Its not even like a specific couch she just flat out refuses.</p> <p>It’s not really",
      "source": "https://www.reddit.com/r/dogs/.rss",
      "published_at": "2026-01-24T00:54:59+00:00",
      "created_at": "2026-01-24T02:00:43.433618",
      "used": false,
      "score": 65
    },
    {
      "id": "97392caddbd4",
      "title": "When is too cold to walk the dog?",
      "url": "https://www.reddit.com/r/dogs/comments/1ql4vck/when_is_too_cold_to_walk_the_dog/",
      "summary": "<!-- SC_OFF --><div class=\"md\"><p>I have boots that I can put on them to protect their little feet.... they are both 80 pound dogs, and they start to lose their mind if they don&#39;t get walked. But it is -20° C (13°F for the Americans) and other than their feet, I don&#39;t know if it would be harmful to keep them outside for any length of time. </p> <p>Edit. Thanks all! My roommate had me 2nd guessing myself. Taking them out for a walk now 🥶</p> </div><!-- SC_ON --> &#32; submitted by &#32; <",
      "source": "https://www.reddit.com/r/dogs/.rss",
      "published_at": "2026-01-23T22:20:25+00:00",
      "created_at": "2026-01-24T02:00:43.433618",
      "used": false,
      "score": 63
    },
    {
      "id": "c8ed2e338517",
      "title": "My dog bit my toddler, any positive stories? Orange County, CA",
      "url": "https://www.reddit.com/r/dogs/comments/1ql1qqd/my_dog_bit_my_toddler_any_positive_stories_orange/",
      "summary": "<!-- SC_OFF --><div class=\"md\"><p>Yesterday my dog bit my toddler. My toddler is still learning boundaries and I can almost guarantee he provoked my dog but I didn’t see it happen so I can’t prove anything. They took my dog away for a 10 day quarantine and because my toddler needed stitches they are saying my dog is vicious. My dog loves the kid and I know didn’t mean to hurt him. We are still deciding what to do in term of bringing him home. Has this happened to anyone and can speak on taking t",
      "source": "https://www.reddit.com/r/dogs/.rss",
      "published_at": "2026-01-23T20:18:54+00:00",
      "created_at": "2026-01-24T02:00:43.433618",
      "used": false,
      "score": 62
    },
    {
      "id": "9a88af52350a",
      "title": "How is everyone entertaining their dogs in the USA today with the polar vortex and storms?",
      "url": "https://www.reddit.com/r/dogs/comments/1qkzsy1/how_is_everyone_entertaining_their_dogs_in_the/",
      "summary": "<!-- SC_OFF --><div class=\"md\"><p>How many treat games can you play? I freeze kongs, I have some game treat dispensers. And bully sticks (which we save for desperate times ) </p> <p>My dog isn’t really into catch or tug a war (and we have a small house)</p> <p>He refuses to wear boots so walks have been limited in this cold weather. </p> <p>What are you all doing? </p> </div><!-- SC_ON --> &#32; submitted by &#32; <a href=\"https://www.reddit.com/user/purple_craze\"> /u/purple_craze </a> <br/> <sp",
      "source": "https://www.reddit.com/r/dogs/.rss",
      "published_at": "2026-01-23T19:07:08+00:00",
      "created_at": "2026-01-24T02:00:43.433618",
      "used": false,
      "score": 60
    }
  ],
  "used": [],
  "last_scraped": "2026-01-24T02:00:45.442365",
  "auto_sources": [
    "https://www.reddit.com/r/dogs/.rss",
    "https://www.reddit.com/r/cats/.rss",
    "https://news.google.com/rss/search?q=pet+care+tips&hl=en-US&gl=US&ceid=US:en"
  ]
}