{
  "topics": [
    {
      "id": "fcbda2cf52ab",
      "title": "Is an airfryer actually useful in a well equipped kitchen?",
      "url": "https://www.reddit.com/r/Cooking/comments/1qknx6z/is_an_airfryer_actually_useful_in_a_well_equipped/",
      "summary": "<!-- SC_OFF --><div class=\"md\"><p>I love cooking, and spending time optimizing my cooking. Therefore I have a very well equipped kitchen now. But, I’m for some reason dreaming of getting an airfryer. My oven does convection and I have a microwave to reheat food, but an extra small oven would be nice. </p> <p>It seems that most people (that I know) use their air fryers to heat frozen fries and nuggets, or just as a replacement for getting a full sized oven. Or they do *everything* in it, similar ",
      "source": "https://www.reddit.com/r/Cooking/.rss",
      "published_at": "2026-01-23T11:03:24+00:00",
      "created_at": "2026-01-24T02:00:47.329277",
      "used": false,
      "score": 88
    },
    {
      "id": "26cb4cda755b",
      "title": "I had to roast 2 whole chickens - am I missing out on not using raw chicken bits/bones for stock with the carcasses?",
      "url": "https://www.reddit.com/r/Cooking/comments/1qky3dz/i_had_to_roast_2_whole_chickens_am_i_missing_out/",
      "summary": "<!-- SC_OFF --><div class=\"md\"><p>Hey all - I was given 2 chickens that needed to be cooked within a day. I brined/roasted them - they came out great BUT I&#39;m wondering how ya&#39;ll do your stocks. I have some silicon trays I&#39;d love to freeze stock into and it seems a shame to waste these bones.</p> <p>I got the book salt/acid/fat/heat for Christmas and was going to follow that method but they mention using half raw bones/bits for the collagen aspect so I&#39;m coming to culinary gurus t",
      "source": "https://www.reddit.com/r/Cooking/.rss",
      "published_at": "2026-01-23T18:05:17+00:00",
      "created_at": "2026-01-24T02:00:47.329277",
      "used": false,
      "score": 86
    },
    {
      "id": "cad5a9864fa8",
      "title": "Help with becoming fuller",
      "url": "https://www.reddit.com/r/Cooking/comments/1qkvudv/help_with_becoming_fuller/",
      "summary": "<!-- SC_OFF --><div class=\"md\"><p>Hi!</p> <p>My partner is a vegetarian, so naturally I now also eat a lot of vegetarian food. Problem is, I never feel full. My body is pretty weird so I need a lot of proteins and fat in my diet and I’m having problems adapting this.</p> <p>Does anyone else have a similar problem and solution? Is there something I can add to my food (except beans and lentils, I don’t react well on those)?</p> <p>Really appreciate it, thanks!</p> </div><!-- SC_ON --> &#32; submit",
      "source": "https://www.reddit.com/r/Cooking/.rss",
      "published_at": "2026-01-23T16:43:48+00:00",
      "created_at": "2026-01-24T02:00:47.329277",
      "used": false,
      "score": 85
    },
    {
      "id": "6e845ca082db",
      "title": "What ingredient do you think people massively overuse?",
      "url": "https://www.reddit.com/r/Cooking/comments/1qk5t2z/what_ingredient_do_you_think_people_massively/",
      "summary": "<!-- SC_OFF --><div class=\"md\"><p>Not saying it’s bad, just overused or leaned on too hard.</p> <p>For me, it’s garlic. I like it, but I think it often gets added by default and ends up overpowering everything else instead of supporting the dish.</p> <p>What about you?</p> </div><!-- SC_ON --> &#32; submitted by &#32; <a href=\"https://www.reddit.com/user/jcvexparch\"> /u/jcvexparch </a> <br/> <span><a href=\"https://www.reddit.com/r/Cooking/comments/1qk5t2z/what_ingredient_do_you_think_people_mass",
      "source": "https://www.reddit.com/r/Cooking/.rss",
      "published_at": "2026-01-22T20:28:59+00:00",
      "created_at": "2026-01-24T02:00:47.329277",
      "used": false,
      "score": 84
    },
    {
      "id": "1047582af926",
      "title": "You don't have to preheat your oven before putting your vegetables in to roast them",
      "url": "https://www.reddit.com/r/Cooking/comments/1qkwcmi/you_dont_have_to_preheat_your_oven_before_putting/",
      "summary": "<!-- SC_OFF --><div class=\"md\"><p>I always forget to preheat the oven before actually having to put things in, so I started just turning it on right when I put the pan in. </p> <p>Over time I found that this method actually perfectly cooks vegetables in addition to giving it a nice browning within 20 or so minutes. As the oven preheats it sort of &#39;pre-cooks&#39; the vegetables, and as it reaches the set temp (I typically use 420F) it starts to brown them. I usually do broccoli, cauliflower, ",
      "source": "https://www.reddit.com/r/Cooking/.rss",
      "published_at": "2026-01-23T17:02:17+00:00",
      "created_at": "2026-01-24T02:00:47.329277",
      "used": false,
      "score": 83
    },
    {
      "id": "f9267ee1fe7b",
      "title": "Growing your own ingredients: what’s your favorite?",
      "url": "https://www.reddit.com/r/Cooking/comments/1ql8w9g/growing_your_own_ingredients_whats_your_favorite/",
      "summary": "<!-- SC_OFF --><div class=\"md\"><p>The first thought that comes to mind for me is tomatoes because of the quality difference. I also think of herbs because I always want to have a steady, fresh supply. </p> </div><!-- SC_ON --> &#32; submitted by &#32; <a href=\"https://www.reddit.com/user/digginsean\"> /u/digginsean </a> <br/> <span><a href=\"https://www.reddit.com/r/Cooking/comments/1ql8w9g/growing_your_own_ingredients_whats_your_favorite/\">[link]</a></span> &#32; <span><a href=\"https://www.reddit",
      "source": "https://www.reddit.com/r/Cooking/.rss",
      "published_at": "2026-01-24T01:06:49+00:00",
      "created_at": "2026-01-24T02:00:47.329277",
      "used": false,
      "score": 81
    },
    {
      "id": "be52dd162a18",
      "title": "Meal prep question.",
      "url": "https://www.reddit.com/r/Cooking/comments/1ql4kfj/meal_prep_question/",
      "summary": "<!-- SC_OFF --><div class=\"md\"><p>For those that meal prep for the week, what do you like to make? </p> </div><!-- SC_ON --> &#32; submitted by &#32; <a href=\"https://www.reddit.com/user/Least_Elk8114\"> /u/Least_Elk8114 </a> <br/> <span><a href=\"https://www.reddit.com/r/Cooking/comments/1ql4kfj/meal_prep_question/\">[link]</a></span> &#32; <span><a href=\"https://www.reddit.com/r/Cooking/comments/1ql4kfj/meal_prep_question/\">[comments]</a></span>",
      "source": "https://www.reddit.com/r/Cooking/.rss",
      "published_at": "2026-01-23T22:08:12+00:00",
      "created_at": "2026-01-24T02:00:47.329277",
      "used": false,
      "score": 79
    },
    {
      "id": "d76fb7c9fc9a",
      "title": "Boil water in a kettle before cooking pasta or start with cold water in a pot?",
      "url": "https://www.reddit.com/r/Cooking/comments/1ql31na/boil_water_in_a_kettle_before_cooking_pasta_or/",
      "summary": "<!-- SC_OFF --><div class=\"md\"><p>My partner shocked me the other night when I was cooking pasta. She said it&#39;s better to bring the water to a boil in a kettle first, pour it into the pot and then add the pasta. I&#39;ve always started with cold water first in a pot, boil, add salt and a little oil and then finally the pasta. Every cooking show I&#39;ve seen does it my way.</p> </div><!-- SC_ON --> &#32; submitted by &#32; <a href=\"https://www.reddit.com/user/MangoMadnessTsv\"> /u/MangoMadnes",
      "source": "https://www.reddit.com/r/Cooking/.rss",
      "published_at": "2026-01-23T21:08:46+00:00",
      "created_at": "2026-01-24T02:00:47.329277",
      "used": false,
      "score": 78
    },
    {
      "id": "764121929e9a",
      "title": "pot roast pt. 3",
      "url": "https://www.reddit.com/r/Cooking/comments/1ql4yns/pot_roast_pt_3/",
      "summary": "<!-- SC_OFF --><div class=\"md\"><p>so i decided to try a different recipe, got everything simmering nicely then into the oven it went. i checked on it halfway through cook time to flip the meat, and lo and behold: i turned the wrong fucking oven on.</p> <p>aside from my dinner being late, what issues can i expect/how do i mitigate them?</p> </div><!-- SC_ON --> &#32; submitted by &#32; <a href=\"https://www.reddit.com/user/throwaways17132\"> /u/throwaways17132 </a> <br/> <span><a href=\"https://www.",
      "source": "https://www.reddit.com/r/Cooking/.rss",
      "published_at": "2026-01-23T22:24:15+00:00",
      "created_at": "2026-01-24T02:00:47.329277",
      "used": false,
      "score": 75
    },
    {
      "id": "f11fd57e2eb7",
      "title": "Is this a good variety or should I add more?",
      "url": "https://www.reddit.com/r/Cooking/comments/1ql7i5z/is_this_a_good_variety_or_should_i_add_more/",
      "summary": "<!-- SC_OFF --><div class=\"md\"><p>I’m hosting an adult birthday party. It starts at 2pm so we are doing appetizers/finger food. I’m doing catering for most everything because I also have to set the party up (surprise party) and transfer all the catering to dishes for presentation so do not want much cooking involved. This is my list currently. Please let me know if you think I should add more items (suggestions too please!) or if you think i’m overshooting. Thinking about adding popcorn chicken,",
      "source": "https://www.reddit.com/r/Cooking/.rss",
      "published_at": "2026-01-24T00:07:45+00:00",
      "created_at": "2026-01-24T02:00:47.329277",
      "used": false,
      "score": 74
    },
    {
      "id": "e7b5b8b85ebe",
      "title": "Short Dry Brine Doing More Harm Then Good???",
      "url": "https://www.reddit.com/r/Cooking/comments/1ql9h1z/short_dry_brine_doing_more_harm_then_good/",
      "summary": "<!-- SC_OFF --><div class=\"md\"><p>So I completely understand the idea and process behind dry brining. My concern however is what is really happening during a short dry brine...</p> <p>Many sources say a short dry brine (~2 hours) is not ideal, but still helps and is better then nothing. Those same sources outline how early in a dry brine moisture comes out of the meat before being reabsorbed leaving the surface to dry out a bit.</p> <p>BUT- if I&#39;m only able to dry brine for 2 hours and I&#39",
      "source": "https://www.reddit.com/r/Cooking/.rss",
      "published_at": "2026-01-24T01:32:42+00:00",
      "created_at": "2026-01-24T02:00:47.329277",
      "used": false,
      "score": 74
    },
    {
      "id": "d1e41fbf13e3",
      "title": "ground meat",
      "url": "https://www.reddit.com/r/Cooking/comments/1ql91av/ground_meat/",
      "summary": "<!-- SC_OFF --><div class=\"md\"><p>I am wanting to start making more feels for work and I never really eat any proteins bc i’m just lazy and want to start again. </p> <p>I want to do ground meat with rice and veggies. </p> <p>What is the best ground meat that doesn’t have as much hard bits or cartilage knowing that it is in there always turns me off the meat eating. </p> <p>Everything I make ground turkey it always lacks flavor. </p> <p>So I am open to any options! </p> </div><!-- SC_ON --> &#32;",
      "source": "https://www.reddit.com/r/Cooking/.rss",
      "published_at": "2026-01-24T01:13:09+00:00",
      "created_at": "2026-01-24T02:00:47.329277",
      "used": false,
      "score": 71
    },
    {
      "id": "cca572c0b4e7",
      "title": "Why am I resistant to swapping beans?",
      "url": "https://www.reddit.com/r/Cooking/comments/1ql72y6/why_am_i_resistant_to_swapping_beans/",
      "summary": "<!-- SC_OFF --><div class=\"md\"><p>Weird realization incoming. </p> <p>I&#39;m out of canned garbanzos and white beans. This is not a tragedy, but it&#39;s it&#39;s negative double digits outside for the next two days, so maybe it is. </p> <p>I do have about a half dozen cans of black beans (there were plans at some point to make refried beans in quantity). (and dried garbanzos and dried cannellini, but those do not help dinner tonight...)</p> <p>Dinner tonight was going to be this pasta e ceci, ",
      "source": "https://www.reddit.com/r/Cooking/.rss",
      "published_at": "2026-01-23T23:50:14+00:00",
      "created_at": "2026-01-24T02:00:47.329277",
      "used": false,
      "score": 67
    },
    {
      "id": "1cf989c87b4a",
      "title": "Can I store food outside if my power goes out in this coming storm?",
      "url": "https://www.reddit.com/r/Cooking/comments/1qkif1p/can_i_store_food_outside_if_my_power_goes_out_in/",
      "summary": "<!-- SC_OFF --><div class=\"md\"><p>With this coming winter storm my power is almost certainly going to go out for at least a day at best but most likely longer.</p> <p>I was thinking about making some soups or chili and storing them outside so I don’t have to open my fridge and warm up anything inside. Or if my power is out for significantly longer then I could even move some more susceptible items like meat and dairy outside as well.</p> <p>The temps from Saturday onwards are going to be stable ",
      "source": "https://www.reddit.com/r/Cooking/.rss",
      "published_at": "2026-01-23T05:34:11+00:00",
      "created_at": "2026-01-24T02:00:47.329277",
      "used": false,
      "score": 67
    },
    {
      "id": "963f16bece06",
      "title": "Sweetened bean and beef chili? Why?",
      "url": "https://www.reddit.com/r/Cooking/comments/1ql60eo/sweetened_bean_and_beef_chili_why/",
      "summary": "<!-- SC_OFF --><div class=\"md\"><p>I got some chili from the farmer&#39;s market for a lark and it was... sweet?</p> <p>Like, not &quot;unseasoned tomatoes&quot; sweet, but genuinely Now With Added Sugar! sweet.</p> <p>I can&#39;t wrap my head around it. It was okay. It had beef, kidney beans, and maybe a breath of an onion somewhere. I could not find a pepper or spice. </p> <p>It was made by the Amish, if that helps. </p> <p>I&#39;m more used to a very savoury, heavy chili with sweetness coming ",
      "source": "https://www.reddit.com/r/Cooking/.rss",
      "published_at": "2026-01-23T23:05:59+00:00",
      "created_at": "2026-01-24T02:00:47.329277",
      "used": false,
      "score": 65
    },
    {
      "id": "e98ba63d1204",
      "title": "Why is my mayonnaise not working?",
      "url": "https://www.reddit.com/r/Cooking/comments/1ql8qkl/why_is_my_mayonnaise_not_working/",
      "summary": "<!-- SC_OFF --><div class=\"md\"><p>As per Salt, Fat, Acid, Heat, I&#39;m using one egg yolk and 3/4 cup olive oil, with the egg at room temperature.</p> <p>Tried it by hand first. I made sure to drizzle one drop at a time. All I ended up with was a pale yellow soup.</p> <p>Tried a food processor next time. Drizzled very slowly, but again, pale yellow soup.</p> <p>What mistake am I making? Should I try a blender? Immersion blender?</p> </div><!-- SC_ON --> &#32; submitted by &#32; <a href=\"https:/",
      "source": "https://www.reddit.com/r/Cooking/.rss",
      "published_at": "2026-01-24T00:59:55+00:00",
      "created_at": "2026-01-24T02:00:47.329277",
      "used": false,
      "score": 63
    },
    {
      "id": "e56b70e866c4",
      "title": "Dry bringing always get too salty",
      "url": "https://www.reddit.com/r/Cooking/comments/1ql3nut/dry_bringing_always_get_too_salty/",
      "summary": "<!-- SC_OFF --><div class=\"md\"><p>I very rarely cook steak. I prefer cooking a dish, Chinese and such where everything is in a sauce or similar (shitty description I know). But I do enjoy a good steak with sides. </p> <p>Today I cooked a steak, and for the second time dry brined. </p> <p>The first time I tried, I ended up over salting, I just poured salt on as I thought made sense. It was way too salty sadly. </p> <p>Today I tried again (well, yesterday). I use rock salt always as that to me is ",
      "source": "https://www.reddit.com/r/Cooking/.rss",
      "published_at": "2026-01-23T21:32:34+00:00",
      "created_at": "2026-01-24T02:00:47.329277",
      "used": false,
      "score": 63
    },
    {
      "id": "c22da21c9cdc",
      "title": "Looking for best food processor that is worth buying nowadays, can somebody give me options?",
      "url": "https://www.reddit.com/r/Cooking/comments/1qks5fq/looking_for_best_food_processor_that_is_worth/",
      "summary": "<!-- SC_OFF --><div class=\"md\"><p>I cook most nights and my old processor finally died after years of chopping onions and shredding cheese. I’m not a pro or anything, just a home cook who does a mix of soups, sauces, hummus, and the occasional pizza dough, so I’m trying to find something solid that won’t be annoying to clean or feel flimsy. Size wise I cook for two but like leftovers, if that helps.</p> <p>What should I be looking for in a best food processor for this kind of cooking, and are th",
      "source": "https://www.reddit.com/r/Cooking/.rss",
      "published_at": "2026-01-23T14:24:26+00:00",
      "created_at": "2026-01-24T02:00:47.329277",
      "used": false,
      "score": 62
    },
    {
      "id": "a02119da3d6b",
      "title": "Go to meal when you have a cold",
      "url": "https://www.reddit.com/r/Cooking/comments/1qkylmr/go_to_meal_when_you_have_a_cold/",
      "summary": "<!-- SC_OFF --><div class=\"md\"><p>What do you make when you have a cold? I keep some tortilla soup in the freezer for emergencies. But what other options are there?</p> </div><!-- SC_ON --> &#32; submitted by &#32; <a href=\"https://www.reddit.com/user/loveinacoldclimate\"> /u/loveinacoldclimate </a> <br/> <span><a href=\"https://www.reddit.com/r/Cooking/comments/1qkylmr/go_to_meal_when_you_have_a_cold/\">[link]</a></span> &#32; <span><a href=\"https://www.reddit.com/r/Cooking/comments/1qkylmr/go_to_",
      "source": "https://www.reddit.com/r/Cooking/.rss",
      "published_at": "2026-01-23T18:23:23+00:00",
      "created_at": "2026-01-24T02:00:47.329277",
      "used": false,
      "score": 61
    },
    {
      "id": "6b71fbf3ac86",
      "title": "Should I upgrade to Zujiroshi?",
      "url": "https://www.reddit.com/r/Cooking/comments/1ql0unj/should_i_upgrade_to_zujiroshi/",
      "summary": "<!-- SC_OFF --><div class=\"md\"><p>Hi Everyone,</p> <p>Currently have an Aroma rice cooker. I don’t really cook rice and I think it’s because I dread using this machine.</p> <p>The rice is always inconsistent in terms of mushy/sticky. Plus I forget to cover the vent hole and so my cabinets get caked with starch from the steam</p> <p>Stove cooking is always good, but i hate dedicating a burner/time to it. </p> <p>I was on marketplace and there is a Zujiroshi Neuro Fuzzy 5.5cup (unused) for $100.</",
      "source": "https://www.reddit.com/r/Cooking/.rss",
      "published_at": "2026-01-23T19:45:24+00:00",
      "created_at": "2026-01-24T02:00:47.329277",
      "used": false,
      "score": 60
    }
  ],
  "used": [],
  "last_scraped": "2026-01-24T02:00:48.101940",
  "auto_sources": [
    "https://www.reddit.com/r/Cooking/.rss",
    "https://www.reddit.com/r/recipes/.rss",
    "https://news.google.com/rss/search?q=cooking+hacks+tips&hl=en-US&gl=US&ceid=US:en"
  ]
}