{
  "topics": [
    {
      "id": "7e0a42b58fd1",
      "title": "Hollow under-eye fix [Selfie]",
      "url": "https://www.reddit.com/r/SkincareAddiction/comments/1ql10wh/hollow_undereye_fix_selfie/",
      "summary": "<!-- SC_OFF --><div class=\"md\"><p>Guys, is the only way to fix hollow and discoloured under-eyes, laser/filler? My current under eye situation is super bad and I’ve been told my dermatologists that there is a large genetic component to this. This is very disheartening to hear especially because I’ve been working hard to make them brighter and plumper. I’ve been combining and alternating a routine that uses collagen serum (from Medicube), Vitamin C brightening under eye cream (Oli Henriksen) and ",
      "source": "https://www.reddit.com/r/SkincareAddiction/.rss",
      "published_at": "2026-01-23T19:52:06+00:00",
      "created_at": "2026-01-24T02:00:10.355446",
      "used": false,
      "score": 89
    },
    {
      "id": "a8cb272c340d",
      "title": "[Product Request] 5 stitches on my chin, scar recovery tips",
      "url": "https://www.reddit.com/r/SkincareAddiction/comments/1ql9rkd/product_request_5_stitches_on_my_chin_scar/",
      "summary": "<!-- SC_OFF --><div class=\"md\"><p>Hi, I fell from an ebike and got a deep cut in my chin broke my 3 pre molar tooth, the cut on chin was treated in emergency care with 5 stitches. I am a skincare obsessed person and I don’t like scarring, this stitches makes me overthink about scars. I have ordered silicone gel and tape, anything else that I can do? Any success stories here? Or any tips which can make my skin normal or the scar invisible? I have my birthday in a week and this incident makes me s",
      "source": "https://www.reddit.com/r/SkincareAddiction/.rss",
      "published_at": "2026-01-24T01:45:54+00:00",
      "created_at": "2026-01-24T02:00:10.355446",
      "used": false,
      "score": 89
    },
    {
      "id": "451c7cde5e93",
      "title": "This much oil production can’t possibly be normal [MISC]",
      "url": "https://www.reddit.com/r/SkincareAddiction/comments/1ql0ywj/this_much_oil_production_cant_possibly_be_normal/",
      "summary": "<!-- SC_OFF --><div class=\"md\"><p>Three oil blotting sheets, which I used correctly. No rubbing, literally just pressed to my face. I washed my face at 7am with Cetaphil’s daily gentle cleanser, moisturized with a pea sized amount of GoodRX all-in-one snail mucin cream, and after 6 hours this is the oil my face produces. </p> <p>I’m a 27 year old female, this CAN’T be normal, right? I feel like this goes beyond just having run-of-the-mill oily/acne prone skin. This is what happens no matter what",
      "source": "https://www.reddit.com/r/SkincareAddiction/.rss",
      "published_at": "2026-01-23T19:49:58+00:00",
      "created_at": "2026-01-24T02:00:10.355446",
      "used": false,
      "score": 86
    },
    {
      "id": "0f1110ad6e6f",
      "title": "[B&A] 2.5 Yrs of VitC, Retinol, Azaelic Acid, Acnecide",
      "url": "https://www.reddit.com/r/SkincareAddiction/comments/1qkopa6/ba_25_yrs_of_vitc_retinol_azaelic_acid_acnecide/",
      "summary": "<table> <tr><td> <a href=\"https://www.reddit.com/r/SkincareAddiction/comments/1qkopa6/ba_25_yrs_of_vitc_retinol_azaelic_acid_acnecide/\"> <img src=\"https://a.thumbs.redditmedia.com/1Ojb-2kHqhDFFyxCKei_RNxMBgFvcy5FmPu9cP6ELK8.jpg\" alt=\"[B&amp;A] 2.5 Yrs of VitC, Retinol, Azaelic Acid, Acnecide\" title=\"[B&amp;A] 2.5 Yrs of VitC, Retinol, Azaelic Acid, Acnecide\" /> </a> </td><td> <!-- SC_OFF --><div class=\"md\"><p>I also use Altruist Suncream in the summer, we don&#39;t get a lot of sun in Scotland s",
      "source": "https://www.reddit.com/r/SkincareAddiction/.rss",
      "published_at": "2026-01-23T11:47:40+00:00",
      "created_at": "2026-01-24T02:00:10.355446",
      "used": false,
      "score": 84
    },
    {
      "id": "6097c81b2e82",
      "title": "[b&a] Platysma gone wild",
      "url": "https://www.reddit.com/r/SkincareAddiction/comments/1ql9j54/ba_platysma_gone_wild/",
      "summary": "<!-- SC_OFF --><div class=\"md\"><p>Platysma gone wild</p> <p>My (38f) has gone wild in the last 3 years and I&#39;ve learnt it&#39;s related to the platysma. Before it was nothing like this. These pictures are with a resting face / neck. Anything I can do? </p> <p>it&#39;s worse whenever I lose weight </p> </div><!-- SC_ON --> &#32; submitted by &#32; <a href=\"https://www.reddit.com/user/ayLotte\"> /u/ayLotte </a> <br/> <span><a href=\"https://www.reddit.com/gallery/1ql9j54\">[link]</a></span> &#32;",
      "source": "https://www.reddit.com/r/SkincareAddiction/.rss",
      "published_at": "2026-01-24T01:35:21+00:00",
      "created_at": "2026-01-24T02:00:10.355446",
      "used": false,
      "score": 84
    },
    {
      "id": "a21cd6f14d13",
      "title": "[product request] cancer free but my face is sooo dry",
      "url": "https://www.reddit.com/r/SkincareAddiction/comments/1ql7xfi/product_request_cancer_free_but_my_face_is_sooo/",
      "summary": "<!-- SC_OFF --><div class=\"md\"><p>I’ve tried Illiyoon and Aestura. I have the LRP cicaplast. Maybe my issue with these is inconsistency on some nights but overall I need something maybe that will leave most people dewy? </p> <p>My face used to be super oily to the point makeup would slide off. Now I look 89 instead of 39 if I put on makeup. Without makeup I’m baby faced but skin still drinks up moisture. My foundation is currently haus labs which is supposedly mature skin friendly? </p> <p>Any a",
      "source": "https://www.reddit.com/r/SkincareAddiction/.rss",
      "published_at": "2026-01-24T00:25:35+00:00",
      "created_at": "2026-01-24T02:00:10.355446",
      "used": false,
      "score": 83
    },
    {
      "id": "b27bba26083c",
      "title": "[PSA] General check-in: the privilege of boycotts.",
      "url": "https://www.reddit.com/r/SkincareAddiction/comments/1qk83vf/psa_general_checkin_the_privilege_of_boycotts/",
      "summary": "<!-- SC_OFF --><div class=\"md\"><p>This is just a gentle PSA: if all you can afford is a drugstore brand affiliated with a bad parent and/or holding company, you are not a bad person for buying that brand. If what works for you is an unethical brand, you are not a bad person for buying that brand. Taking care of yourself is whats most important.</p> <p>Boycotting is good, discussing where and how we shop is good, but often I see these discussions silo&#39;d in such a way that they hyper focus on ",
      "source": "https://www.reddit.com/r/SkincareAddiction/.rss",
      "published_at": "2026-01-22T21:57:02+00:00",
      "created_at": "2026-01-24T02:00:10.355446",
      "used": false,
      "score": 80
    },
    {
      "id": "7f91c2757067",
      "title": "[Routine Help] Cant figure out how to fix my skin!",
      "url": "https://www.reddit.com/r/SkincareAddiction/comments/1qkz2vh/routine_help_cant_figure_out_how_to_fix_my_skin/",
      "summary": "<table> <tr><td> <a href=\"https://www.reddit.com/r/SkincareAddiction/comments/1qkz2vh/routine_help_cant_figure_out_how_to_fix_my_skin/\"> <img src=\"https://b.thumbs.redditmedia.com/H82IZW6iLVRrbZnwMj7IjUApw1iuFZkZAtB4qFgyPPU.jpg\" alt=\"[Routine Help] Cant figure out how to fix my skin!\" title=\"[Routine Help] Cant figure out how to fix my skin!\" /> </a> </td><td> &#32; submitted by &#32; <a href=\"https://www.reddit.com/user/warmer-garden\"> /u/warmer-garden </a> <br/> <span><a href=\"https://www.redd",
      "source": "https://www.reddit.com/r/SkincareAddiction/.rss",
      "published_at": "2026-01-23T18:41:06+00:00",
      "created_at": "2026-01-24T02:00:10.355446",
      "used": false,
      "score": 80
    },
    {
      "id": "15240e9cf151",
      "title": "[anti-aging] Pacifica silicone brow mask works",
      "url": "https://www.reddit.com/r/SkincareAddiction/comments/1qjz3aj/antiaging_pacifica_silicone_brow_mask_works/",
      "summary": "<table> <tr><td> <a href=\"https://www.reddit.com/r/SkincareAddiction/comments/1qjz3aj/antiaging_pacifica_silicone_brow_mask_works/\"> <img src=\"https://b.thumbs.redditmedia.com/AR4WhhQSdNWs5Yndx8_O7kyIUZe0pXIKmoSMXJRiZDs.jpg\" alt=\"[anti-aging] Pacifica silicone brow mask works\" title=\"[anti-aging] Pacifica silicone brow mask works\" /> </a> </td><td> <!-- SC_OFF --><div class=\"md\"><p>Before and after 6 months later. I woke up one day at the dewey age of 27 and realized I had some light lines on my",
      "source": "https://www.reddit.com/r/SkincareAddiction/.rss",
      "published_at": "2026-01-22T16:27:27+00:00",
      "created_at": "2026-01-24T02:00:10.355446",
      "used": false,
      "score": 76
    },
    {
      "id": "ba6958be62c1",
      "title": "[Misc] Holy Grail Products & Ingredients - Week 9: Hand, Foot, & Nail Care",
      "url": "https://www.reddit.com/r/SkincareAddiction/comments/1jrclgi/misc_holy_grail_products_ingredients_week_9_hand/",
      "summary": "<!-- SC_OFF --><div class=\"md\"><h1>Hi and welcome to the <a href=\"https://i.imgur.com/ZsBkQ5z.jpg\">HG Hand, Foot, &amp; Nail Care</a> thread!</h1> <p>This is the place to share your holy grail hand, foot and nail products - that hand serum that has made your hands look ten years younger; that nail oil that has made sure your talons can grow long enough to make a loud annoying tapping sound so you can finally become the velociraptor you&#39;ve always wanted to be; or that one cream that stops you",
      "source": "https://www.reddit.com/r/SkincareAddiction/.rss",
      "published_at": "2025-04-04T14:01:01+00:00",
      "created_at": "2026-01-24T02:00:10.355446",
      "used": false,
      "score": 74
    },
    {
      "id": "cccf67235ea2",
      "title": "[anti aging] 32- what can i do with wrinkles",
      "url": "https://www.reddit.com/r/SkincareAddiction/comments/1qkqtbu/anti_aging_32_what_can_i_do_with_wrinkles/",
      "summary": "<!-- SC_OFF --><div class=\"md\"><p>I’m 32 years old and I’ve never had Botox or fillers. I’ve been noticing my wrinkles, and they look much deeper than they did a few months ago. I would really like some suggestions on what could actually work in this case.</p> </div><!-- SC_ON --> &#32; submitted by &#32; <a href=\"https://www.reddit.com/user/ContributionGlum3927\"> /u/ContributionGlum3927 </a> <br/> <span><a href=\"https://i.redd.it/gyvvnp2ep3fg1.jpeg\">[link]</a></span> &#32; <span><a href=\"https:",
      "source": "https://www.reddit.com/r/SkincareAddiction/.rss",
      "published_at": "2026-01-23T13:28:52+00:00",
      "created_at": "2026-01-24T02:00:10.355446",
      "used": false,
      "score": 74
    },
    {
      "id": "96110bdcfd8e",
      "title": "[Routine Help] my face hurts, please help.",
      "url": "https://www.reddit.com/r/SkincareAddiction/comments/1ql3grp/routine_help_my_face_hurts_please_help/",
      "summary": "<!-- SC_OFF --><div class=\"md\"><p>My skin hurts. Please help.</p> <p>I’ve been these three products for well over a year. Recently my skin has started feeling tight and hot and red like a sunburn. It even hurts to move my eyebrows up. Even my sister said it looks like I have a sunburn. I don’t know what happened. This has been fine for over a year. I have GAD and the feeling on my face has made me have panic attacks three times now. I literally wanna cry. I’m about to stop skincare all together ",
      "source": "https://www.reddit.com/r/SkincareAddiction/.rss",
      "published_at": "2026-01-23T21:24:41+00:00",
      "created_at": "2026-01-24T02:00:10.355446",
      "used": false,
      "score": 72
    },
    {
      "id": "9ec22ebf3054",
      "title": "[acne] Improve my skincare routine for PIH",
      "url": "https://www.reddit.com/r/SkincareAddiction/comments/1ql9fgq/acne_improve_my_skincare_routine_for_pih/",
      "summary": "<!-- SC_OFF --><div class=\"md\"><p>I am trying to reduce how many things I have in my skincare routine. So l use tazarotene and azaelic acid 2-3 times a week and la roche sunscreen which i think are staple goods. My main concern is post inflammatory hyperpigmentation from acne along my jawline. I also cycle between the Claudelie Vinoperfect, the Eucerin Thiamidol, Cos de Baha Tranexemic w niacin-amide. I use glycolic acid 2 times a week to remove dead skin and will slug with aquaphor if im really",
      "source": "https://www.reddit.com/r/SkincareAddiction/.rss",
      "published_at": "2026-01-24T01:30:43+00:00",
      "created_at": "2026-01-24T02:00:10.355446",
      "used": false,
      "score": 72
    },
    {
      "id": "a4e6bc1f3d36",
      "title": "[Product Request] Synthetic Azelaic Acid",
      "url": "https://www.reddit.com/r/SkincareAddiction/comments/1qkzwyo/product_request_synthetic_azelaic_acid/",
      "summary": "<!-- SC_OFF --><div class=\"md\"><p>Hi everyone!</p> <p>Long story short, I got off the birth control pill a few months ago and started getting acne so I’ve been trying to update my skincare routine to target the changes and issues that have occurred.</p> <p>I’ve been wanting to try azelaic acid since it seems to be the most recommended option both for my issue and skin type. Ideally not a prescription one, nor a $50 one.</p> <p>The main issue: <strong>azelaic acid comes from grains and I have a s",
      "source": "https://www.reddit.com/r/SkincareAddiction/.rss",
      "published_at": "2026-01-23T19:11:06+00:00",
      "created_at": "2026-01-24T02:00:10.355446",
      "used": false,
      "score": 70
    },
    {
      "id": "0a4048f636fd",
      "title": "[Routine help] My Three Problem Spots",
      "url": "https://www.reddit.com/r/SkincareAddiction/comments/1ql4lzj/routine_help_my_three_problem_spots/",
      "summary": "<!-- SC_OFF --><div class=\"md\"><p>I’m hoping to get advice on these 3 issues that I’ve had for months (years?). I’m 49M, don’t do anything crazy for skincare just use a decent cleanser and facial moisturizer along with eye cream, currently using Brickell. Occasionally I do a routine to try and manage sebum, involving salicylic acid serum, face mask and squalene cleanser, all from The Ordinary.</p> <p>I have a pore on my nose that is always brown/black, sometimes swells up and sometimes seems to ",
      "source": "https://www.reddit.com/r/SkincareAddiction/.rss",
      "published_at": "2026-01-23T22:09:58+00:00",
      "created_at": "2026-01-24T02:00:10.355446",
      "used": false,
      "score": 67
    },
    {
      "id": "2762b6d3838e",
      "title": "[acne] 30F who’s skin is freaking out",
      "url": "https://www.reddit.com/r/SkincareAddiction/comments/1ql9qfm/acne_30f_whos_skin_is_freaking_out/",
      "summary": "<!-- SC_OFF --><div class=\"md\"><p>Hello! </p> <p>I’m a long time lurker but have never posted on reddit but at the point not sure what else to do! </p> <p>I’m a 30 F who has never had acne in her life besides the occasional pimple here and there. 1 year ago I stopped my birth control that I’ve been on 15+ years. Everything was fine for like 2 months then all hell broke loose, my hair started falling out and my skin went crazy. Now I’m constantly fighting never ending acne and texture. It has bee",
      "source": "https://www.reddit.com/r/SkincareAddiction/.rss",
      "published_at": "2026-01-24T01:44:29+00:00",
      "created_at": "2026-01-24T02:00:10.355446",
      "used": false,
      "score": 67
    },
    {
      "id": "e1c1d6f25012",
      "title": "[Routine Help] How soon can the purging process start? Help please!",
      "url": "https://www.reddit.com/r/SkincareAddiction/comments/1ql9rji/routine_help_how_soon_can_the_purging_process/",
      "summary": "<!-- SC_OFF --><div class=\"md\"><p>Just started using 2% salicylic acid and i’m breaking out around my chin after literally the first use. I did a lot of research about how I can fit it into my routine with my other products etc so I know it’s not an issue with mixing. I know about purging but I’m worried that this is too quick for it to actually be purging lol? I’ve been struggling a bit with acne around that area for a while now anyway but it was like I used the acid for the first time and then",
      "source": "https://www.reddit.com/r/SkincareAddiction/.rss",
      "published_at": "2026-01-24T01:45:52+00:00",
      "created_at": "2026-01-24T02:00:10.355446",
      "used": false,
      "score": 67
    },
    {
      "id": "4f1630ecc8b4",
      "title": "[Acne] How do I get rid of this cyst?",
      "url": "https://www.reddit.com/r/SkincareAddiction/comments/1qkvork/acne_how_do_i_get_rid_of_this_cyst/",
      "summary": "<!-- SC_OFF --><div class=\"md\"><p>I have a pimple turned into a cyst on my cheek. I got the pimple about 2-3 weeks ago and i realised it looked more cyst like a week after. I didn’t try to pop or mess with it but it turned dark in color and is swollen. It doesn’t hurt and doesn’t feel like it will come to a head anytime soon. Will this go away on its own and lighten in color? And what can I do to speed up the process? </p> </div><!-- SC_ON --> &#32; submitted by &#32; <a href=\"https://www.reddit",
      "source": "https://www.reddit.com/r/SkincareAddiction/.rss",
      "published_at": "2026-01-23T16:38:08+00:00",
      "created_at": "2026-01-24T02:00:10.355446",
      "used": false,
      "score": 67
    },
    {
      "id": "be45f6d00ae9",
      "title": "[B&A] Three months post combo treatment: Fully ablative CO2, Genius RF, and Pickle Fork Subcision with Sculptra (Brooklyn, NY)",
      "url": "https://www.reddit.com/r/SkincareAddiction/comments/1ql4xlg/ba_three_months_post_combo_treatment_fully/",
      "summary": "<!-- SC_OFF --><div class=\"md\"><p>You guysss. These are my 90 day results after one combo session, and I’m really happy with the results! (Note that I did not have subcision/Sculptra done on the forehead, only the main face area.)</p> <p>Price breakdown:</p> <ul> <li>CO2 (full face): $2,000</li> <li>Genius RF (full face): $960</li> <li>Subcision (excluding forehead): $2,000</li> <li>Sculptra: $760</li> </ul> <p>Total: $5,720 </p> <p>General notes:</p> <ul> <li>Pickle fork subcision is no joke! I",
      "source": "https://www.reddit.com/r/SkincareAddiction/.rss",
      "published_at": "2026-01-23T22:23:01+00:00",
      "created_at": "2026-01-24T02:00:10.355446",
      "used": false,
      "score": 66
    },
    {
      "id": "c20b2b0ee6f7",
      "title": "NEW OR NEED HELP? Ask here! - ScA Daily Help Thread Jan 23, 2026",
      "url": "https://www.reddit.com/r/SkincareAddiction/comments/1ql0c30/new_or_need_help_ask_here_sca_daily_help_thread/",
      "summary": "<!-- SC_OFF --><div class=\"md\"><p>If you&#39;re new to SkincareAddiction: welcome!</p> <p>This thread is the best place to start if you have questions about skincare products, your routine, and your skin. Our community is knowledgeable, and we want to help you have the best skin of your life!</p> <h1>Do you have a question?</h1> <h1>Step 1: Read our resources</h1> <p>Be sure to check out our <a href=\"https://www.reddit.com/r/SkincareAddiction/wiki/faq\">FAQ</a> and <a href=\"https://www.reddit.com",
      "source": "https://www.reddit.com/r/SkincareAddiction/.rss",
      "published_at": "2026-01-23T19:26:31+00:00",
      "created_at": "2026-01-24T02:00:10.355446",
      "used": false,
      "score": 64
    }
  ],
  "used": [],
  "last_scraped": "2026-01-24T02:00:11.009757",
  "auto_sources": [
    "https://www.reddit.com/r/SkincareAddiction/.rss",
    "https://news.google.com/rss/search?q=beauty+trends+2024&hl=en-US&gl=US&ceid=US:en"
  ]
}