{
  "topics": [
    {
      "id": "b8b835bbee8d",
      "title": "throughout 4 years of hs/college using a dryer tumbler, this is the first time this has happened. absolutely devastated and in tears as pretty much all my clothes are all ruined now with all these black stains. didn’t have anything in my pockets. does anyone know what this is and if i can fix this?",
      "url": "https://www.reddit.com/r/lifehacks/comments/1qglxl6/throughout_4_years_of_hscollege_using_a_dryer/",
      "summary": "<table> <tr><td> <a href=\"https://www.reddit.com/r/lifehacks/comments/1qglxl6/throughout_4_years_of_hscollege_using_a_dryer/\"> <img src=\"https://preview.redd.it/uu9lztrdm6eg1.jpeg?width=640&amp;crop=smart&amp;auto=webp&amp;s=a1993e5add0d08666d3f2929fd90636ecaf2e7a0\" alt=\"throughout 4 years of hs/college using a dryer tumbler, this is the first time this has happened. absolutely devastated and in tears as pretty much all my clothes are all ruined now with all these black stains. didn’t have anyth",
      "source": "https://www.reddit.com/r/lifehacks/.rss",
      "published_at": "2026-01-18T22:13:24+00:00",
      "created_at": "2026-01-24T02:00:30.397895",
      "used": false,
      "score": 89
    },
    {
      "id": "f2d685927594",
      "title": "Need a life hack to recognize people ive met before",
      "url": "https://www.reddit.com/r/lifehacks/comments/1ql0owf/need_a_life_hack_to_recognize_people_ive_met/",
      "summary": "<!-- SC_OFF --><div class=\"md\"><p>need a hack for recognizing acquaintances.</p> <p>looking at people‘s photos seems to help me I can stop and stare and really get the image into my brain.. But what other hacks can you do?</p> <p>I note the person‘s facial details but all I walk away with brown hair brown eyes tall person. Which is not helpful.</p> <p>to be more clear I cannot recognize the person‘s face. It is not the name that is the problem. I don’t even recognize who the person is.</p> </div",
      "source": "https://www.reddit.com/r/lifehacks/.rss",
      "published_at": "2026-01-23T19:39:31+00:00",
      "created_at": "2026-01-24T02:00:30.397895",
      "used": false,
      "score": 81
    },
    {
      "id": "3f4c1fdf776f",
      "title": "How do I attract mosquitoes to an insect zapper?",
      "url": "https://www.reddit.com/r/lifehacks/comments/1qk3t94/how_do_i_attract_mosquitoes_to_an_insect_zapper/",
      "summary": "<!-- SC_OFF --><div class=\"md\"><p>We have three insect zappers, but the problem is that mosquitoes only go to them by mistake if they&#39;re particularly foolish. So I still get bitten every time I leave the zapper near me. Is there a recipe with compounds I can put near the zapper that will attract them?Or any other way?</p> <p>I did find a mosquito attractant product on Amazon, but it&#39;s expensive.</p> <p>Thank you in advance 🫶😁</p> </div><!-- SC_ON --> &#32; submitted by &#32; <a href=\"htt",
      "source": "https://www.reddit.com/r/lifehacks/.rss",
      "published_at": "2026-01-22T19:16:13+00:00",
      "created_at": "2026-01-24T02:00:30.397895",
      "used": false,
      "score": 78
    },
    {
      "id": "36b2c3588e37",
      "title": "Hairbrush Cleaning",
      "url": "https://www.reddit.com/r/lifehacks/comments/1qdlgw2/hairbrush_cleaning/",
      "summary": "<!-- SC_OFF --><div class=\"md\"><p>After removing hair from my hairbrush I stretch a couple of rubber bands around the bristle end so they sit underneath any future accumulation of hair. This helps because you can pull on the bands to help remove the hair next time.</p> </div><!-- SC_ON --> &#32; submitted by &#32; <a href=\"https://www.reddit.com/user/Jimxor\"> /u/Jimxor </a> <br/> <span><a href=\"https://www.reddit.com/r/lifehacks/comments/1qdlgw2/hairbrush_cleaning/\">[link]</a></span> &#32; <span",
      "source": "https://www.reddit.com/r/lifehacks/.rss",
      "published_at": "2026-01-15T14:48:02+00:00",
      "created_at": "2026-01-24T02:00:30.397895",
      "used": false,
      "score": 78
    },
    {
      "id": "054a68047b58",
      "title": "Need help with my horrible sense of orientation",
      "url": "https://www.reddit.com/r/lifehacks/comments/1qjp50q/need_help_with_my_horrible_sense_of_orientation/",
      "summary": "<!-- SC_OFF --><div class=\"md\"><p>Hey!</p> <p>So I always struggled a lot with orienting myself. I have to use Google Maps to get to places I’ve been to like a hundred times. I have to take the same routes home all the time because I get confused if I don’t. When I have to go to a place I frequent a lot (like a shop or something) I have to use google maps, it doesn’t matter if I’m walking or driving.</p> <p>In videogames, I get confused too. I cannot remember landmarks for the life of me and I h",
      "source": "https://www.reddit.com/r/lifehacks/.rss",
      "published_at": "2026-01-22T08:27:43+00:00",
      "created_at": "2026-01-24T02:00:30.397895",
      "used": false,
      "score": 77
    },
    {
      "id": "97b304274779",
      "title": "adhesive on glass",
      "url": "https://www.reddit.com/r/lifehacks/comments/1qdtpvg/adhesive_on_glass/",
      "summary": "<!-- SC_OFF --><div class=\"md\"><p>best way to remove adhesive on glass: wet the area then use a steel wool and cooking oil, gently scrub in circular motions</p> <p>this way does not visibly scratches the glass</p> </div><!-- SC_ON --> &#32; submitted by &#32; <a href=\"https://www.reddit.com/user/LivvyDunne091\"> /u/LivvyDunne091 </a> <br/> <span><a href=\"https://www.reddit.com/r/lifehacks/comments/1qdtpvg/adhesive_on_glass/\">[link]</a></span> &#32; <span><a href=\"https://www.reddit.com/r/lifehack",
      "source": "https://www.reddit.com/r/lifehacks/.rss",
      "published_at": "2026-01-15T19:47:26+00:00",
      "created_at": "2026-01-24T02:00:30.397895",
      "used": false,
      "score": 77
    },
    {
      "id": "3e4b559269fc",
      "title": "Snow prep hacks?",
      "url": "https://www.reddit.com/r/lifehacks/comments/1qktisd/snow_prep_hacks/",
      "summary": "<!-- SC_OFF --><div class=\"md\"><p>Expecting 12+ inches of snow, interested if anyone has any hacks they&#39;d recommend for making snow removal easier. EG covering the car or driveway with tarp, etc?</p> </div><!-- SC_ON --> &#32; submitted by &#32; <a href=\"https://www.reddit.com/user/bhoran235\"> /u/bhoran235 </a> <br/> <span><a href=\"https://www.reddit.com/r/lifehacks/comments/1qktisd/snow_prep_hacks/\">[link]</a></span> &#32; <span><a href=\"https://www.reddit.com/r/lifehacks/comments/1qktisd/s",
      "source": "https://www.reddit.com/r/lifehacks/.rss",
      "published_at": "2026-01-23T15:17:25+00:00",
      "created_at": "2026-01-24T02:00:30.397895",
      "used": false,
      "score": 76
    },
    {
      "id": "3694027a94d1",
      "title": "Snow storm Help",
      "url": "https://www.reddit.com/r/lifehacks/comments/1qkvsfi/snow_storm_help/",
      "summary": "<!-- SC_OFF --><div class=\"md\"><p>We are getting ready to get hit with a major winter storm here on the Delaware coast. </p> <p>My husband recently had a widow maker heart attack and isn’t going to be much help during this storm. Totally fin, I’m just happy he’s alive! But I myself have some major health issues and shouldn’t be shoveling either. So I need all the hacks/advice you got on how to prepare an area for my 90 pound dog to go potty as well as a path from my front door to the road which ",
      "source": "https://www.reddit.com/r/lifehacks/.rss",
      "published_at": "2026-01-23T16:41:48+00:00",
      "created_at": "2026-01-24T02:00:30.397895",
      "used": false,
      "score": 75
    },
    {
      "id": "5ef0cdca4fb5",
      "title": "Keep Your Kitchen Garbage Container Spotless",
      "url": "https://www.reddit.com/r/lifehacks/comments/1qj1b7b/keep_your_kitchen_garbage_container_spotless/",
      "summary": "<!-- SC_OFF --><div class=\"md\"><p>When you put your garbage bag in the kitchen trash receptacle, don&#39;t put in just one, <strong>put in TWO</strong>. It makes it easier to slide the full bag out. </p> <p>Bonus: if there was a leak, you just pull out both bags and the receptacle stays clean!</p> <p>Keeps the container like new. I&#39;ve been doing this for 7 years and I never have to wash out the receptacle. If you cook a lot, you know that thing can get nasty pretty quick otherwise.</p> </div",
      "source": "https://www.reddit.com/r/lifehacks/.rss",
      "published_at": "2026-01-21T15:43:41+00:00",
      "created_at": "2026-01-24T02:00:30.397895",
      "used": false,
      "score": 74
    },
    {
      "id": "e1e33fd8ac7a",
      "title": "Prevent Shocks While Petting Your Dog or Cat",
      "url": "https://www.reddit.com/r/lifehacks/comments/1qczcgt/prevent_shocks_while_petting_your_dog_or_cat/",
      "summary": "<!-- SC_OFF --><div class=\"md\"><p>When it&#39;s dry out, petting your dog, cat or other pet may result in repeated static discharge. If they&#39;re laying down, an easy way to prevent this is simply to hold one of their feet with your non-petting hand! Specifically, make sure your skin is in contact with their skin directly, most accessible at their toe beans.</p> <p>The reason this works is because static electricity is charge jumping from a body of one electrical potential to a body of another",
      "source": "https://www.reddit.com/r/lifehacks/.rss",
      "published_at": "2026-01-14T21:03:04+00:00",
      "created_at": "2026-01-24T02:00:30.397895",
      "used": false,
      "score": 74
    },
    {
      "id": "aac88c29bf86",
      "title": "Any hacks for still being able to use this with a busted spray cap/tube?",
      "url": "https://www.reddit.com/r/lifehacks/comments/1qibcwl/any_hacks_for_still_being_able_to_use_this_with_a/",
      "summary": "<table> <tr><td> <a href=\"https://www.reddit.com/r/lifehacks/comments/1qibcwl/any_hacks_for_still_being_able_to_use_this_with_a/\"> <img src=\"https://preview.redd.it/hrc7h3p06keg1.jpeg?width=640&amp;crop=smart&amp;auto=webp&amp;s=38346da1da106418299d1d9293bebf20c8d57279\" alt=\"Any hacks for still being able to use this with a busted spray cap/tube?\" title=\"Any hacks for still being able to use this with a busted spray cap/tube?\" /> </a> </td><td> &#32; submitted by &#32; <a href=\"https://www.reddi",
      "source": "https://www.reddit.com/r/lifehacks/.rss",
      "published_at": "2026-01-20T19:46:53+00:00",
      "created_at": "2026-01-24T02:00:30.397895",
      "used": false,
      "score": 72
    },
    {
      "id": "c131769255cd",
      "title": "Place multiple eye hooks evenly on a board",
      "url": "https://www.reddit.com/r/lifehacks/comments/1qe55s4/place_multiple_eye_hooks_evenly_on_a_board/",
      "summary": "<!-- SC_OFF --><div class=\"md\"><p>I need to place between 20 &amp; 50 eye hooks on a 5/8th&quot; plywood evenly spaced for a product idea so this needs to be repeatable. Tried drilling holes with a 1/16th bit through a pegboard, and ended up with holes at all angles, at different depths and a tired hand! Would prefer to find an easier, less tedious and more accurate process and appreciate any suggestions from the community. Thanks in advance. </p> </div><!-- SC_ON --> &#32; submitted by &#32; <a",
      "source": "https://www.reddit.com/r/lifehacks/.rss",
      "published_at": "2026-01-16T03:35:50+00:00",
      "created_at": "2026-01-24T02:00:30.397895",
      "used": false,
      "score": 72
    },
    {
      "id": "834a3893233a",
      "title": "How to fix shirts that smell again five minutes after you put them on",
      "url": "https://www.reddit.com/r/lifehacks/comments/1qfpnvs/how_to_fix_shirts_that_smell_again_five_minutes/",
      "summary": "<!-- SC_OFF --><div class=\"md\"><p>If the underarms of your shirts still smell after washing, or the smell comes back shortly after you put them on, put a little dish soap directly on the armpit area before washing.</p> <p>This happens because aluminum antiperspirant builds up in the fabric over time and creates a barrier. Once that layer is there, water and laundry detergent can’t fully penetrate the fibers, so all odors get trapped - not just deodorant, but sweat and bacteria too. That’s why th",
      "source": "https://www.reddit.com/r/lifehacks/.rss",
      "published_at": "2026-01-17T21:38:46+00:00",
      "created_at": "2026-01-24T02:00:30.397895",
      "used": false,
      "score": 69
    },
    {
      "id": "9b83f36a54fe",
      "title": "Shower furniture is great for outdoors",
      "url": "https://www.reddit.com/r/lifehacks/comments/1qkgque/shower_furniture_is_great_for_outdoors/",
      "summary": "<!-- SC_OFF --><div class=\"md\"><p>Just an idea that I came up with years ago- shower stools and shower chairs are designed to handle moisture and water, so they work great outside. My wife and I have a permanent campsite on our property, so we use the stools as side tables next to our chairs. They also work for additional seating when we have visitors. You can often get them very cheap at second hand stores or garage sales. </p> </div><!-- SC_ON --> &#32; submitted by &#32; <a href=\"https://www.",
      "source": "https://www.reddit.com/r/lifehacks/.rss",
      "published_at": "2026-01-23T04:12:09+00:00",
      "created_at": "2026-01-24T02:00:30.397895",
      "used": false,
      "score": 68
    },
    {
      "id": "342af11e2cab",
      "title": "How to keep a bathroom smelling nice",
      "url": "https://www.reddit.com/r/lifehacks/comments/1qg27pd/how_to_keep_a_bathroom_smelling_nice/",
      "summary": "<!-- SC_OFF --><div class=\"md\"><p>I (F) moved into a new house and am sharing a bathroom with my brother. How can I keep it smelling okay after a poo? I feel like ive tried everything the bathroom just smells bad. </p> <p>We’ve shared a bathroom before even with more people but it never smelled this bad. After a trip smell would linger for a little until it went back to normal but this new bathroom just REEKS in general.</p> <p>Could it be a this particular bathroom issue? ;-;</p> </div><!-- SC_",
      "source": "https://www.reddit.com/r/lifehacks/.rss",
      "published_at": "2026-01-18T07:28:22+00:00",
      "created_at": "2026-01-24T02:00:30.397895",
      "used": false,
      "score": 66
    },
    {
      "id": "78fda973dc6f",
      "title": "Any hacks on how to put the drawstring back in a pair of shorts?",
      "url": "https://www.reddit.com/r/lifehacks/comments/1qind5e/any_hacks_on_how_to_put_the_drawstring_back_in_a/",
      "summary": "<!-- SC_OFF --><div class=\"md\"><p>Idk how many basketball shorts are now unusable because the drawstring get pulled out in the washer or dryer. I know to tie the drawstring before putting them in but need help with restringing the shorts I didn’t </p> </div><!-- SC_ON --> &#32; submitted by &#32; <a href=\"https://www.reddit.com/user/Tricky_Photo2885\"> /u/Tricky_Photo2885 </a> <br/> <span><a href=\"https://www.reddit.com/r/lifehacks/comments/1qind5e/any_hacks_on_how_to_put_the_drawstring_back_in_a",
      "source": "https://www.reddit.com/r/lifehacks/.rss",
      "published_at": "2026-01-21T03:51:34+00:00",
      "created_at": "2026-01-24T02:00:30.397895",
      "used": false,
      "score": 64
    },
    {
      "id": "280c8fa5b31d",
      "title": "How to make a curved surface flat?",
      "url": "https://www.reddit.com/r/lifehacks/comments/1qh54k9/how_to_make_a_curved_surface_flat/",
      "summary": "<!-- SC_OFF --><div class=\"md\"><p>Hello, and thanks in advance for any ideas/help!</p> <p>I bought a matching washer/dryer set failing to notice that the dryer surface is styled such that it curves slightly toward the floor. I can&#39;t store anything on it. Everything slides off.</p> <p>My laundry nook is really tiny. I need that surface to store my detergent, dryer sheets, etc.</p> <p>Any ideas?</p> <p>Whirlpool WED8127LW 27 Inch Electric Smart Dryer with 7.4 cu. ft. Capacity, 36 Dryer Cycles,",
      "source": "https://www.reddit.com/r/lifehacks/.rss",
      "published_at": "2026-01-19T14:09:58+00:00",
      "created_at": "2026-01-24T02:00:30.397895",
      "used": false,
      "score": 64
    },
    {
      "id": "fee837923200",
      "title": "Any idea on how to fix the collar?",
      "url": "https://www.reddit.com/r/lifehacks/comments/1qer6ad/any_idea_on_how_to_fix_the_collar/",
      "summary": "<table> <tr><td> <a href=\"https://www.reddit.com/r/lifehacks/comments/1qer6ad/any_idea_on_how_to_fix_the_collar/\"> <img src=\"https://preview.redd.it/l0or85gitrdg1.jpeg?width=640&amp;crop=smart&amp;auto=webp&amp;s=c02f9d4da73a6e4b536bf5b2f3c52c3f3bf4bee9\" alt=\"Any idea on how to fix the collar?\" title=\"Any idea on how to fix the collar?\" /> </a> </td><td> <!-- SC_OFF --><div class=\"md\"><p>It’s a nice quality shirt, but the collar makes me hesitant on wearing it. It seems like it may be stretched(",
      "source": "https://www.reddit.com/r/lifehacks/.rss",
      "published_at": "2026-01-16T20:26:26+00:00",
      "created_at": "2026-01-24T02:00:30.397895",
      "used": false,
      "score": 64
    },
    {
      "id": "04a673ad1482",
      "title": "What can I get to charge my iPhone if electricity might potentially go out at the house, in the US? I badly need to know this. Do I need a UPS, power bank or something else? Maybe something I can keep plugged in all the time and set and forget, and plug in iPhone into only in emergencies. Thank you.",
      "url": "https://www.reddit.com/r/lifehacks/comments/1qkrbd2/what_can_i_get_to_charge_my_iphone_if_electricity/",
      "summary": "<!-- SC_OFF --><div class=\"md\"><p>I don&#39;t really know. Thank you.</p> </div><!-- SC_ON --> &#32; submitted by &#32; <a href=\"https://www.reddit.com/user/ComfortablePost3664\"> /u/ComfortablePost3664 </a> <br/> <span><a href=\"https://www.reddit.com/r/lifehacks/comments/1qkrbd2/what_can_i_get_to_charge_my_iphone_if_electricity/\">[link]</a></span> &#32; <span><a href=\"https://www.reddit.com/r/lifehacks/comments/1qkrbd2/what_can_i_get_to_charge_my_iphone_if_electricity/\">[comments]</a></span>",
      "source": "https://www.reddit.com/r/lifehacks/.rss",
      "published_at": "2026-01-23T13:50:34+00:00",
      "created_at": "2026-01-24T02:00:30.397895",
      "used": false,
      "score": 60
    },
    {
      "id": "3556ff7790b9",
      "title": "Use unused yarn as stuffing!!!",
      "url": "https://www.reddit.com/r/lifehacks/comments/1qhjhwd/use_unused_yarn_as_stuffing/",
      "summary": "<table> <tr><td> <a href=\"https://www.reddit.com/r/lifehacks/comments/1qhjhwd/use_unused_yarn_as_stuffing/\"> <img src=\"https://preview.redd.it/1izdiutvxdeg1.jpeg?width=640&amp;crop=smart&amp;auto=webp&amp;s=401d93aeb03377a9a6da365364bfe8b5902bb5a5\" alt=\"Use unused yarn as stuffing!!!\" title=\"Use unused yarn as stuffing!!!\" /> </a> </td><td> &#32; submitted by &#32; <a href=\"https://www.reddit.com/user/Bokkun3\"> /u/Bokkun3 </a> <br/> <span><a href=\"https://i.redd.it/1izdiutvxdeg1.jpeg\">[link]</a>",
      "source": "https://www.reddit.com/r/lifehacks/.rss",
      "published_at": "2026-01-19T22:50:19+00:00",
      "created_at": "2026-01-24T02:00:30.397895",
      "used": false,
      "score": 60
    }
  ],
  "used": [],
  "last_scraped": "2026-01-24T02:00:32.443588",
  "auto_sources": [
    "https://www.reddit.com/r/lifehacks/.rss",
    "https://news.google.com/rss/search?q=life+hacks+tips&hl=en-US&gl=US&ceid=US:en",
    "https://news.google.com/rss/search?q=productivity+hacks&hl=en-US&gl=US&ceid=US:en",
    "https://www.reddit.com/r/productivity/.rss",
    "https://www.reddit.com/r/getdisciplined/.rss"
  ]
}