{
  "topics": [
    {
      "id": "f883c3b18d59",
      "title": "Not gonna lie, I was spooked",
      "url": "https://www.reddit.com/r/funny/comments/1qkw69u/not_gonna_lie_i_was_spooked/",
      "summary": "<table> <tr><td> <a href=\"https://www.reddit.com/r/funny/comments/1qkw69u/not_gonna_lie_i_was_spooked/\"> <img src=\"https://preview.redd.it/qggf81wbq4fg1.jpeg?width=640&amp;crop=smart&amp;auto=webp&amp;s=6c9b18fcd7ac86b884e36909c99aa6f9de14c2e9\" alt=\"Not gonna lie, I was spooked\" title=\"Not gonna lie, I was spooked\" /> </a> </td><td> <!-- SC_OFF --><div class=\"md\"><p>Walked into my work area where I work alone for the most part, saw this, then proceeded to clean my pants. When you see this early ",
      "source": "https://www.reddit.com/r/funny/.rss",
      "published_at": "2026-01-23T16:55:56+00:00",
      "created_at": "2026-01-24T02:00:12.631936",
      "used": false,
      "score": 88
    },
    {
      "id": "422b642589ed",
      "title": "Golden Retrievers For Scale",
      "url": "https://www.reddit.com/r/funny/comments/1qkjwt9/golden_retrievers_for_scale/",
      "summary": "<table> <tr><td> <a href=\"https://www.reddit.com/r/funny/comments/1qkjwt9/golden_retrievers_for_scale/\"> <img src=\"https://preview.redd.it/sfnst109r1fg1.png?width=640&amp;crop=smart&amp;auto=webp&amp;s=d4c6bd83e91c2794da00a947c872ca0cca17acc9\" alt=\"Golden Retrievers For Scale\" title=\"Golden Retrievers For Scale\" /> </a> </td><td> &#32; submitted by &#32; <a href=\"https://www.reddit.com/user/TrumpsDoubleChin\"> /u/TrumpsDoubleChin </a> <br/> <span><a href=\"https://i.redd.it/sfnst109r1fg1.png\">[lin",
      "source": "https://www.reddit.com/r/funny/.rss",
      "published_at": "2026-01-23T06:56:02+00:00",
      "created_at": "2026-01-24T02:00:12.631936",
      "used": false,
      "score": 87
    },
    {
      "id": "d525d86dd044",
      "title": "The intrusive thoughts won",
      "url": "https://www.reddit.com/r/funny/comments/1ql91eh/the_intrusive_thoughts_won/",
      "summary": "<table> <tr><td> <a href=\"https://www.reddit.com/r/funny/comments/1ql91eh/the_intrusive_thoughts_won/\"> <img src=\"https://external-preview.redd.it/Z3JtaHFzeDE3N2ZnMdFNGyJ5Fa8twP_6TUxZpoSIwlyEPQzyB46XzVHUPSkM.png?width=320&amp;crop=smart&amp;auto=webp&amp;s=33b2ae741b5d24cff90c1dfcb7abef6a70d8a63c\" alt=\"The intrusive thoughts won\" title=\"The intrusive thoughts won\" /> </a> </td><td> <!-- SC_OFF --><div class=\"md\"><p>Reminded me of butthead</p> </div><!-- SC_ON --> &#32; submitted by &#32; <a href",
      "source": "https://www.reddit.com/r/funny/.rss",
      "published_at": "2026-01-24T01:13:16+00:00",
      "created_at": "2026-01-24T02:00:12.631936",
      "used": false,
      "score": 86
    },
    {
      "id": "f543d71b3f22",
      "title": "Someone must take the fall",
      "url": "https://www.reddit.com/r/funny/comments/1ql0hr7/someone_must_take_the_fall/",
      "summary": "<table> <tr><td> <a href=\"https://www.reddit.com/r/funny/comments/1ql0hr7/someone_must_take_the_fall/\"> <img src=\"https://external-preview.redd.it/cjFkbXpwYTdpNWZnMTwwFWQinUhubA2tLCecn-g0_AHDDAqx-BWeYZ4MtU1a.png?width=640&amp;crop=smart&amp;auto=webp&amp;s=920d17769b019a6d961b3d69fccde7213020e3bf\" alt=\"Someone must take the fall\" title=\"Someone must take the fall\" /> </a> </td><td> &#32; submitted by &#32; <a href=\"https://www.reddit.com/user/BaronofBoldBanter\"> /u/BaronofBoldBanter </a> <br/> <",
      "source": "https://www.reddit.com/r/funny/.rss",
      "published_at": "2026-01-23T19:32:14+00:00",
      "created_at": "2026-01-24T02:00:12.631936",
      "used": false,
      "score": 86
    },
    {
      "id": "2d5a24e03145",
      "title": "Hopping over for a treat",
      "url": "https://www.reddit.com/r/funny/comments/1ql6yj4/hopping_over_for_a_treat/",
      "summary": "<table> <tr><td> <a href=\"https://www.reddit.com/r/funny/comments/1ql6yj4/hopping_over_for_a_treat/\"> <img src=\"https://external-preview.redd.it/cWxzNWdyaWFyNmZnMQj7JTYKuCqkhMndL8OHTIRJloIkPHYQsCjYJCAWEyz1.png?width=640&amp;crop=smart&amp;auto=webp&amp;s=e7ee2b61894c63d8ce817853fd230a43111c6081\" alt=\"Hopping over for a treat\" title=\"Hopping over for a treat\" /> </a> </td><td> &#32; submitted by &#32; <a href=\"https://www.reddit.com/user/Ecstatic-Ganache921\"> /u/Ecstatic-Ganache921 </a> <br/> <sp",
      "source": "https://www.reddit.com/r/funny/.rss",
      "published_at": "2026-01-23T23:45:12+00:00",
      "created_at": "2026-01-24T02:00:12.631936",
      "used": false,
      "score": 84
    },
    {
      "id": "189f6ec09c98",
      "title": "It all started in 2016!",
      "url": "https://www.reddit.com/r/funny/comments/1qkc2ak/it_all_started_in_2016/",
      "summary": "<table> <tr><td> <a href=\"https://www.reddit.com/r/funny/comments/1qkc2ak/it_all_started_in_2016/\"> <img src=\"https://preview.redd.it/4w26eomawzeg1.jpeg?width=640&amp;crop=smart&amp;auto=webp&amp;s=1aa654e68cb762bdef486baf53b9fd345e32aca5\" alt=\"It all started in 2016!\" title=\"It all started in 2016!\" /> </a> </td><td> &#32; submitted by &#32; <a href=\"https://www.reddit.com/user/juicybananas\"> /u/juicybananas </a> <br/> <span><a href=\"https://i.redd.it/4w26eomawzeg1.jpeg\">[link]</a></span> &#32;",
      "source": "https://www.reddit.com/r/funny/.rss",
      "published_at": "2026-01-23T00:40:25+00:00",
      "created_at": "2026-01-24T02:00:12.631936",
      "used": false,
      "score": 83
    },
    {
      "id": "66d5d185d973",
      "title": "Some reforms have begun",
      "url": "https://www.reddit.com/r/funny/comments/1qk2hg0/some_reforms_have_begun/",
      "summary": "<table> <tr><td> <a href=\"https://www.reddit.com/r/funny/comments/1qk2hg0/some_reforms_have_begun/\"> <img src=\"https://preview.redd.it/r191c1012yeg1.jpeg?width=640&amp;crop=smart&amp;auto=webp&amp;s=e3f2bf4fff7dee3e2246219404d68582735687e5\" alt=\"Some reforms have begun\" title=\"Some reforms have begun\" /> </a> </td><td> &#32; submitted by &#32; <a href=\"https://www.reddit.com/user/Egeroxy\"> /u/Egeroxy </a> <br/> <span><a href=\"https://i.redd.it/r191c1012yeg1.jpeg\">[link]</a></span> &#32; <span><a",
      "source": "https://www.reddit.com/r/funny/.rss",
      "published_at": "2026-01-22T18:29:00+00:00",
      "created_at": "2026-01-24T02:00:12.631936",
      "used": false,
      "score": 83
    },
    {
      "id": "488db22d5ac0",
      "title": "This survival guide...",
      "url": "https://www.reddit.com/r/funny/comments/1qkao2g/this_survival_guide/",
      "summary": "<table> <tr><td> <a href=\"https://www.reddit.com/r/funny/comments/1qkao2g/this_survival_guide/\"> <img src=\"https://preview.redd.it/elr8zqgtlzeg1.jpeg?width=640&amp;crop=smart&amp;auto=webp&amp;s=ffbd39a929115442911a83aae609281c8493f041\" alt=\"This survival guide...\" title=\"This survival guide...\" /> </a> </td><td> <!-- SC_OFF --><div class=\"md\"><p>...train tracks. I mean, this entire &quot;guide was kinda crappy, but at least they were able to sneak that one in! 😅</p> </div><!-- SC_ON --> &#32; s",
      "source": "https://www.reddit.com/r/funny/.rss",
      "published_at": "2026-01-22T23:41:44+00:00",
      "created_at": "2026-01-24T02:00:12.631936",
      "used": false,
      "score": 82
    },
    {
      "id": "165883ff02a4",
      "title": "Winter Break Hit Hard",
      "url": "https://www.reddit.com/r/funny/comments/1qjv3q0/winter_break_hit_hard/",
      "summary": "<table> <tr><td> <a href=\"https://www.reddit.com/r/funny/comments/1qjv3q0/winter_break_hit_hard/\"> <img src=\"https://preview.redd.it/8ckocwatoweg1.jpeg?width=640&amp;crop=smart&amp;auto=webp&amp;s=30fd480f6556082c55594bd0f2874cb5ef1dd77a\" alt=\"Winter Break Hit Hard\" title=\"Winter Break Hit Hard\" /> </a> </td><td> <!-- SC_OFF --><div class=\"md\"><p>Built entirely out of snow, in a very public place, by people who definitely had better things to do and chose this instead.</p> <p>No face. No details",
      "source": "https://www.reddit.com/r/funny/.rss",
      "published_at": "2026-01-22T13:53:12+00:00",
      "created_at": "2026-01-24T02:00:12.631936",
      "used": false,
      "score": 81
    },
    {
      "id": "d47f7e0b4fd3",
      "title": "I suddenly became aware I was under observation",
      "url": "https://www.reddit.com/r/funny/comments/1qkij8x/i_suddenly_became_aware_i_was_under_observation/",
      "summary": "<table> <tr><td> <a href=\"https://www.reddit.com/r/funny/comments/1qkij8x/i_suddenly_became_aware_i_was_under_observation/\"> <img src=\"https://preview.redd.it/8w68c4tsd1fg1.jpeg?width=640&amp;crop=smart&amp;auto=webp&amp;s=a7a5e883bb79b890f081ef4be3ee7d60c44f8b7e\" alt=\"I suddenly became aware I was under observation\" title=\"I suddenly became aware I was under observation\" /> </a> </td><td> &#32; submitted by &#32; <a href=\"https://www.reddit.com/user/Expert-Annual6814\"> /u/Expert-Annual6814 </a>",
      "source": "https://www.reddit.com/r/funny/.rss",
      "published_at": "2026-01-23T05:40:20+00:00",
      "created_at": "2026-01-24T02:00:12.632934",
      "used": false,
      "score": 77
    },
    {
      "id": "e84484695a48",
      "title": "My head's itchy",
      "url": "https://www.reddit.com/r/funny/comments/1qkq15z/my_heads_itchy/",
      "summary": "<table> <tr><td> <a href=\"https://www.reddit.com/r/funny/comments/1qkq15z/my_heads_itchy/\"> <img src=\"https://external-preview.redd.it/ZnIwNmlxZDdqM2ZnMSHK02r6HAio_WQPBWXri-5uj1CJibgTFhYwBm7rQC_G.png?width=640&amp;crop=smart&amp;auto=webp&amp;s=83a482cc843b244f0f6ea67e0b5a87b0e39a48db\" alt=\"My head's itchy\" title=\"My head's itchy\" /> </a> </td><td> <!-- SC_OFF --><div class=\"md\"><p>Let me remove it for a bit—just needs space</p> </div><!-- SC_ON --> &#32; submitted by &#32; <a href=\"https://www.",
      "source": "https://www.reddit.com/r/funny/.rss",
      "published_at": "2026-01-23T12:54:15+00:00",
      "created_at": "2026-01-24T02:00:12.631936",
      "used": false,
      "score": 75
    },
    {
      "id": "3e685bd7e745",
      "title": "Sing that hook",
      "url": "https://www.reddit.com/r/funny/comments/1ql3cgu/sing_that_hook/",
      "summary": "<table> <tr><td> <a href=\"https://www.reddit.com/r/funny/comments/1ql3cgu/sing_that_hook/\"> <img src=\"https://external-preview.redd.it/c3M0NHdjZ2cxNmZnMR0kWLDOc0bumhizl-y9xq0A_bwuAeq-wMCbcn8UcyLD.png?width=640&amp;crop=smart&amp;auto=webp&amp;s=0f4e2218137184ccf058991fc626d607a3a0a94f\" alt=\"Sing that hook\" title=\"Sing that hook\" /> </a> </td><td> &#32; submitted by &#32; <a href=\"https://www.reddit.com/user/crumble-bee\"> /u/crumble-bee </a> <br/> <span><a href=\"https://v.redd.it/lit9eskg16fg1\">[",
      "source": "https://www.reddit.com/r/funny/.rss",
      "published_at": "2026-01-23T21:20:12+00:00",
      "created_at": "2026-01-24T02:00:12.631936",
      "used": false,
      "score": 74
    },
    {
      "id": "4f80ec97aede",
      "title": "We need to be friends with her and Fatima",
      "url": "https://www.reddit.com/r/funny/comments/1ql8mn9/we_need_to_be_friends_with_her_and_fatima/",
      "summary": "<table> <tr><td> <a href=\"https://www.reddit.com/r/funny/comments/1ql8mn9/we_need_to_be_friends_with_her_and_fatima/\"> <img src=\"https://external-preview.redd.it/bDV1ejlianMzN2ZnMXD9QCTuuRMAravlUoQi66RCplF_xa3JQZQkP1ptNdsm.png?width=640&amp;crop=smart&amp;auto=webp&amp;s=38d3903666373236c84dcd8dc7c3041a11ac9b89\" alt=\"We need to be friends with her and Fatima\" title=\"We need to be friends with her and Fatima\" /> </a> </td><td> &#32; submitted by &#32; <a href=\"https://www.reddit.com/user/harshrai",
      "source": "https://www.reddit.com/r/funny/.rss",
      "published_at": "2026-01-24T00:55:04+00:00",
      "created_at": "2026-01-24T02:00:12.631936",
      "used": false,
      "score": 71
    },
    {
      "id": "69d83347060d",
      "title": "] REMINDER] ANY political content will earn an immediate 30-day ban\"",
      "url": "https://www.reddit.com/r/funny/comments/160kuuf/reminder_any_political_content_will_earn_an/",
      "summary": "&#32; submitted by &#32; <a href=\"https://www.reddit.com/user/funny_mod\"> /u/funny_mod </a> <br/> <span><a href=\"https://www.reddit.com/r/funny/comments/160kuuf/reminder_any_political_content_will_earn_an/\">[link]</a></span> &#32; <span><a href=\"https://www.reddit.com/r/funny/comments/160kuuf/reminder_any_political_content_will_earn_an/\">[comments]</a></span>",
      "source": "https://www.reddit.com/r/funny/.rss",
      "published_at": "2023-08-25T01:23:44+00:00",
      "created_at": "2026-01-24T02:00:12.631936",
      "used": false,
      "score": 68
    },
    {
      "id": "e0839c09272a",
      "title": "Pspspsps",
      "url": "https://www.reddit.com/r/funny/comments/1qkhvpa/pspspsps/",
      "summary": "<table> <tr><td> <a href=\"https://www.reddit.com/r/funny/comments/1qkhvpa/pspspsps/\"> <img src=\"https://preview.redd.it/xsrb1y1s71fg1.jpeg?width=640&amp;crop=smart&amp;auto=webp&amp;s=b35e7ef877351cd2eb2520c18772d9c14cf02d78\" alt=\"Pspspsps\" title=\"Pspspsps\" /> </a> </td><td> &#32; submitted by &#32; <a href=\"https://www.reddit.com/user/Acceptable-Cold9798\"> /u/Acceptable-Cold9798 </a> <br/> <span><a href=\"https://i.redd.it/xsrb1y1s71fg1.jpeg\">[link]</a></span> &#32; <span><a href=\"https://www.re",
      "source": "https://www.reddit.com/r/funny/.rss",
      "published_at": "2026-01-23T05:06:45+00:00",
      "created_at": "2026-01-24T02:00:12.631936",
      "used": false,
      "score": 68
    },
    {
      "id": "5037c457e0fb",
      "title": "I got a random letter in the mail from my sister and her two kids.",
      "url": "https://www.reddit.com/r/funny/comments/1ql5wf4/i_got_a_random_letter_in_the_mail_from_my_sister/",
      "summary": "<table> <tr><td> <a href=\"https://www.reddit.com/r/funny/comments/1ql5wf4/i_got_a_random_letter_in_the_mail_from_my_sister/\"> <img src=\"https://preview.redd.it/dyasiyukj6fg1.jpeg?width=640&amp;crop=smart&amp;auto=webp&amp;s=34f8ddd58a5ff3cb8734b8e676d863c8e3d5a68c\" alt=\"I got a random letter in the mail from my sister and her two kids.\" title=\"I got a random letter in the mail from my sister and her two kids.\" /> </a> </td><td> &#32; submitted by &#32; <a href=\"https://www.reddit.com/user/keithj",
      "source": "https://www.reddit.com/r/funny/.rss",
      "published_at": "2026-01-23T23:01:37+00:00",
      "created_at": "2026-01-24T02:00:12.631936",
      "used": false,
      "score": 66
    },
    {
      "id": "0348fe31c980",
      "title": "Beavis & Butt-Head in Cyberpunk 2077",
      "url": "https://www.reddit.com/r/funny/comments/1qkx8ih/beavis_butthead_in_cyberpunk_2077/",
      "summary": "<table> <tr><td> <a href=\"https://www.reddit.com/r/funny/comments/1qkx8ih/beavis_butthead_in_cyberpunk_2077/\"> <img src=\"https://external-preview.redd.it/ejlqNnJrZTJ4NGZnMeIIbsSYBywplihiE3xW0yyc4bo5xKbzTa1dhaX13U64.png?width=640&amp;crop=smart&amp;auto=webp&amp;s=6fc1d2b3baf4e5f276eb405a924f5e9da0984b96\" alt=\"Beavis &amp; Butt-Head in Cyberpunk 2077\" title=\"Beavis &amp; Butt-Head in Cyberpunk 2077\" /> </a> </td><td> &#32; submitted by &#32; <a href=\"https://www.reddit.com/user/DetectiveOk5708\"> ",
      "source": "https://www.reddit.com/r/funny/.rss",
      "published_at": "2026-01-23T17:34:15+00:00",
      "created_at": "2026-01-24T02:00:12.631936",
      "used": false,
      "score": 66
    },
    {
      "id": "27559e65eb16",
      "title": "Monkeys don't like Pork Scratchings",
      "url": "https://www.reddit.com/r/funny/comments/1qkwu2r/monkeys_dont_like_pork_scratchings/",
      "summary": "<table> <tr><td> <a href=\"https://www.reddit.com/r/funny/comments/1qkwu2r/monkeys_dont_like_pork_scratchings/\"> <img src=\"https://external-preview.redd.it/dDlhZjB0d2x1NGZnMR3eKIGGzqDDOZLiYicPqPjNur7tItmDlUjqRMkqUO6t.png?width=640&amp;crop=smart&amp;auto=webp&amp;s=a806d63b2a5f90455d034fbfc2de75045c642d4c\" alt=\"Monkeys don't like Pork Scratchings\" title=\"Monkeys don't like Pork Scratchings\" /> </a> </td><td> <!-- SC_OFF --><div class=\"md\"><p>Hiking on the rock in Gibraltar and a monkey jumped on ",
      "source": "https://www.reddit.com/r/funny/.rss",
      "published_at": "2026-01-23T17:19:54+00:00",
      "created_at": "2026-01-24T02:00:12.631936",
      "used": false,
      "score": 65
    },
    {
      "id": "fab0d8570d0a",
      "title": "My wife bought a Kids toy on amazon",
      "url": "https://www.reddit.com/r/funny/comments/1qjulxm/my_wife_bought_a_kids_toy_on_amazon/",
      "summary": "<table> <tr><td> <a href=\"https://www.reddit.com/r/funny/comments/1qjulxm/my_wife_bought_a_kids_toy_on_amazon/\"> <img src=\"https://preview.redd.it/xtb4pow2lweg1.jpeg?width=640&amp;crop=smart&amp;auto=webp&amp;s=c3b6eb364c139403063cc17f7eeeab72f60f4fa6\" alt=\"My wife bought a Kids toy on amazon\" title=\"My wife bought a Kids toy on amazon\" /> </a> </td><td> <!-- SC_OFF --><div class=\"md\"><p>Well that design seems fresh and new ... </p> </div><!-- SC_ON --> &#32; submitted by &#32; <a href=\"https://",
      "source": "https://www.reddit.com/r/funny/.rss",
      "published_at": "2026-01-22T13:32:14+00:00",
      "created_at": "2026-01-24T02:00:12.632934",
      "used": false,
      "score": 65
    },
    {
      "id": "b0072dc5ce5d",
      "title": "Someone with the CHEEKS sat here",
      "url": "https://www.reddit.com/r/funny/comments/1qk3ghx/someone_with_the_cheeks_sat_here/",
      "summary": "<table> <tr><td> <a href=\"https://www.reddit.com/r/funny/comments/1qk3ghx/someone_with_the_cheeks_sat_here/\"> <img src=\"https://preview.redd.it/zerhrkc68yeg1.jpeg?width=640&amp;crop=smart&amp;auto=webp&amp;s=6000c72922914c04a1b4fb562b1ea853fbcf791e\" alt=\"Someone with the CHEEKS sat here\" title=\"Someone with the CHEEKS sat here\" /> </a> </td><td> &#32; submitted by &#32; <a href=\"https://www.reddit.com/user/Due_Examination908\"> /u/Due_Examination908 </a> <br/> <span><a href=\"https://i.redd.it/zer",
      "source": "https://www.reddit.com/r/funny/.rss",
      "published_at": "2026-01-22T19:03:28+00:00",
      "created_at": "2026-01-24T02:00:12.631936",
      "used": false,
      "score": 62
    }
  ],
  "used": [],
  "last_scraped": "2026-01-24T02:00:13.288464",
  "auto_sources": [
    "https://www.reddit.com/r/funny/.rss",
    "https://news.google.com/rss/search?q=viral+funny+moments&hl=en-US&gl=US&ceid=US:en"
  ]
}